DateTime	Source	Title	lang	search_keywords	Label	preprocessed_text	km_label	NounChunks
2019-09-20 00:54:51	UrduPoint	"سی پیک منصوبہ ختم،آئی ایم ایف کی شرائط پرعملدرآمد شروع
امریکہ کی خوشنودی کے لیے پاکستانی مفاد پسِ پشت ڈال دیا گیا"	ur	1	CPEC	پیک منصوبہ ایم ایف شرائط عمل درآمد شروع امریکہ خوشنودی پاکستانی مفاد پس پشت ڈال	3	['سی پیک منصوبہ ختم،آئی ایم ایف', 'شرائط پرعملدرآمد شروع امریکہ', 'خوشنودی', 'پاکستانی مفاد پسِ پشت']
2019-09-20 05:45:20	UrduPoint	حکومت نے سی پیک کے تحت اکانامک زونز پر توجہ مرکوز رکھی ہے‘ رشکئی اکنامک زون گراونڈ بریکینگ کے لیے مکمل ہے‘ آئندہ ماہ افتتاح کردیا جائے گا، وفاقی وزیر برائے منصوبہ بندی ... مزید	ur	1	CPEC	حکومت پیک اکانامک زونز توجہ مرکوز رشکئی اکنامک زون گراونڈ بریکینگ آئندہ ماہ افتتاح وفاقی وزیر برائے منصوبہ بندی	4	['حکومت', 'سی پیک', 'تحت اکانامک زونز', 'توجہ', 'ہے‘ رشکئی اکنامک زون گراونڈ بریکینگ', 'مکمل ہے‘', 'آئندہ ماہ افتتاح', 'گا،', 'وفاقی وزیر', 'منصوبہ بندی ...']
2019-09-20 18:53:21	UrduPoint	سی پیک کاموجودہ مرحلہ پاکستانی عوام کیلئے معاشی فوائد لے کر آئے گا، سی پیک اب دوسرے مرحلہ میں داخل ہو گیا ہے جس میں غربت کے خاتمہ، زراعت اور صنعتی تعاون پر توجہ دی جائے ... مزید	ur	1	CPEC	پیک کاموجودہ مرحلہ پاکستانی عوام کیلئے معاشی فوائد آئے پیک اب مرحلہ داخل غربت خاتمہ زراعت صنعتی تعاون توجہ	3	['سی پیک', 'کاموجودہ مرحلہ', 'پاکستانی عوام', 'معاشی فوائد', 'آئے گا،', 'سی پیک', 'دوسرے مرحلہ', 'داخل', 'غربت', 'خاتمہ، زراعت', 'صنعتی تعاون', 'توجہ', '...']
2019-09-21 09:28:12	UrduPoint	"وزیر اعلیٰ خیبر پختونخوا محمود خان کا جمعہ کے روز چترال کا سرکاری دورہ
وزیر اعلیٰ نے بتایا کہ سی پیک کا متبادل روٹ چترل سے ہی ہو کر جائے گا، انہوں نے متاثرہ ریشن بجلی گھر ... مزید"	ur	1	CPEC	وزیر اعلی خیبر پختونخوا محمود خان جمعہ روز چترال سرکاری دورہ وزیر اعلی بتایا پیک متبادل روٹ چترل متاثرہ ریشن بجلی گھر	4	['وزیر', 'اعلیٰ خیبر پختونخوا محمود خان', 'جمعہ', 'روز چترال', 'سرکاری دورہ وزیر اعلیٰ', 'سی پیک', 'متبادل روٹ چترل', 'گا،', 'متاثرہ ریشن بجلی گھر ...']
2019-09-23 06:40:21	UrduPoint	غربت کی شرح میں کمی  سی پیک دوسرے مرحلے کی اہم ترجیحات میں شامل	ur	1	CPEC	غربت شرح کمی پیک مرحلے اہم ترجیحات شامل	3	['غربت', 'شرح', 'کمی', 'سی پیک', 'دوسرے مرحلے', 'اہم ترجیحات']
2019-09-23 06:40:21	UrduPoint	حکومت عوام کو ریلیف کی فراہمی کے لئے پر عزم ہے، سی پیک اتھارٹی	ur	1	CPEC	حکومت عوام ریلیف فراہمی عزم پیک اتھارٹی	3	['حکومت عوام', 'ریلیف', 'فراہمی', 'لئے', 'عزم ہے،', 'سی پیک اتھارٹی']
2019-09-24 06:20:17	UrduPoint	چین پاکستان اقتصادی راہداری منصوبہ کے دوسرے مرحلہ میں غربت کے خاتمے، زراعت اور صنعتی تعاون پر خصوصی توجہ دی جائے گی، حکام سی پیک اتھارٹی	ur	1	CPEC	چین پاکستان اقتصادی راہداری منصوبہ مرحلہ غربت خاتمے زراعت صنعتی تعاون خصوصی توجہ حکام پیک اتھارٹی	3	['چین پاکستان', 'اقتصادی راہداری منصوبہ', 'دوسرے مرحلہ', 'غربت', 'خاتمے، زراعت', 'صنعتی تعاون', 'خصوصی توجہ', 'گی، حکام', 'سی پیک اتھارٹی']
2019-10-07 11:01:26	UrduPoint	وزیر اعظم عمران خان کے دورہ چین سے دونوں ممالک کے مابین تعلقات کے نئے دور کا آغاز ہو گا سی پیک پر کام کی رفتار بڑھ جائے گی، شاہد رشید بٹ	ur	1	CPEC	وزیر اعظم عمران خان دورہ چین ممالک مابین تعلقات نئے دور آغاز پیک کام رفتار بڑھ شاہد رشید بٹ	4	['وزیر اعظم عمران خان', 'دورہ چین', 'ممالک', 'مابین تعلقات', 'نئے دور', 'آغاز', 'سی پیک', 'کام', 'رفتار', 'گی، شاہد رشید']
2019-10-07 11:08:21	ExpressNews	صدارتی آرڈیننس کے ذریعے سی پیک اتھارٹی قائم کرنے کا فیصلہ	ur	1	CPEC	صدارتی آرڈیننس پیک اتھارٹی قائم فیصلہ	3	['صدارتی آرڈیننس', 'ذریعے', 'سی پیک اتھارٹی', 'فیصلہ']
2019-10-07 15:09:59	UrduPoint	"خیبرپختونخوا حکومت کی تمام متعلقہ محکموں کو ترقیاتی منصوبوںکی حتمی منصوبہ بندی مرتب کرنے کی ہدایت
صوبے کے زیادہ ترقیاتی منصوبوں کو پچھلی وفاقی دور حکومت میں سی پیک کے ... مزید"	ur	1	CPEC	خیبر پختونخوا حکومت متعلقہ محکموں ترقیاتی منصوبوںکی حتمی منصوبہ بندی مرتب ہدایت صوبے ترقیاتی منصوبوں پچھلی وفاقی دور حکومت پیک	4	['خیبرپختونخوا حکومت', 'متعلقہ محکموں', 'ترقیاتی منصوبوںکی', 'حتمی منصوبہ بندی', 'ہدایت صوبے', 'ترقیاتی منصوبوں', 'پچھلی وفاقی دور حکومت', 'سی پیک', '...']
2019-10-07 15:52:35	UrduPoint	"وزیراعظم عمران خان کا دورہ چین سی پیک منصوبوں کے لئے بہت اہم ہے، حسن داد بٹ

چینی سرمایہ کاروں کا وفد جلد خیبر پختونخوا کے نئے قائم ہونے والے انڈسٹریل زونز کا دورہ کریں ... مزید"	ur	1	CPEC	وزیراعظم عمران خان دورہ چین پیک منصوبوں اہم حسن داد بٹ چینی سرمایہ کاروں وفد جلد خیبر پختونخوا نئے قائم انڈسٹریل زونز دورہ	4	['وزیراعظم عمران خان', 'دورہ چین', 'سی پیک منصوبوں', 'لئے', 'اہم ہے، حسن داد', 'چینی سرمایہ کاروں', 'وفد', 'خیبر پختونخوا', 'انڈسٹریل زونز', 'دورہ', '...']
2019-10-07 15:52:35	UrduPoint	چین پاکستان اقتصادی راہداری سے ملک میں توانائی کے شدید بحران پرقابو پانے میں مدد ملی ہے، حکام سی پیک اتھارٹی	ur	1	CPEC	چین پاکستان اقتصادی راہداری ملک انائی شدید بحران پرقابو پانے مدد ملی حکام پیک اتھارٹی	3	['چین پاکستان', 'اقتصادی راہداری', 'ملک', 'توانائی', 'شدید بحران پرقابو', 'مدد', 'ہے، حکام', 'سی پیک اتھارٹی']
2019-10-07 16:39:41	UrduPoint	"وزیراعظم عمران خان کے دورہ چین کے بعد چینی صدر بھارت جائیں گے: شاہ محمود قریشی
چین مطمئن ہے لیکن اپوزیشن بلاوجہ سی پیک کو ایشو بنا تی ہے،  پاکستان نے ایف اے ٹی ایف کو مطمئن ... مزید"	ur	1	CPEC	وزیراعظم عمران خان دورہ چین چینی صدر بھارت شاہ محمود قریشی چین مطمئن اپوزیشن بلاوجہ پیک ایشو تی پاکستان ایف ٹی ایف مطمئن	4	['وزیراعظم عمران خان', 'دورہ چین', 'بعد چینی صدر بھارت', 'گے: شاہ محمود قریشی چین', 'اپوزیشن بلاوجہ', 'سی پیک', 'ایشو', 'ہے، پاکستان', 'ایف اے ٹی ایف', 'مطمئن ...']
2019-10-07 17:05:18	UrduPoint	"ض*کے سی آر پر وفاقی حکومت کی سردمہری اور ان کا رویہ قابل افسوس ہے،سعید غنی 
Gوزیر اعظم کے حالیہ دورے کے دوران ا سی پیک پر جو نکات رکھے گئے ہیں ، ان میں کے سی آر کو شامل نہ ... مزید"	ur	1	CPEC	ض آر وفاقی حکومت سردمہری رویہ قابل افسوس سعید غنی وزیر اعظم حالیہ دورے ا پیک نکات آر شامل	4	['ض*کے', 'سی آر', 'وفاقی حکومت', 'سردمہری', 'رویہ', 'قابل افسوس', 'ہے،سعید غنی', 'Gوزیر اعظم', 'حالیہ دورے', 'دوران', 'سی پیک', 'نکات', 'سی آر', '...']
2019-10-07 18:09:03	UrduPoint	"خطے میں مزید تنازع نہیں چاہتے، کوشش ہے سعودیہ اور ایران میں غلط فہماں دور ہوں، وزیر خارجہ 

سی پیک پر چین اور پاکستان دونوں مطمئن ہیں، ہم اگلے فیز کی جانب آگے بڑھ چکے ... مزید"	ur	1	CPEC	خطے تنازع کوشش سعودیہ ایران غلط فہماں دور وزیر خارجہ پیک چین پاکستان مطمئن فیز جانب آگے بڑھ چکے	4	['خطے', 'مزید تنازع', 'چاہتے، کوشش', 'سعودیہ', 'ایران', 'غلط فہماں دور', 'ہوں، وزیر خارجہ', 'سی پیک', 'چین', 'پاکستان', 'مطمئن ہیں،', 'اگلے فیز', 'جانب آگے', '...']
2019-10-08 06:40:10	UrduPoint	"سی پیک کے پہلے مرحلے کی تکمیل سے پاکستان میں بنیادی ڈھانچے میں بہتری آئی ہے، 
منصوبے سے افغانستان، وسطی ایشیاء اور روس تک رسائی فراہم ہوگی
چینی سفیر یاؤچنگ کی اے پی پی ... مزید"	ur	1	CPEC	پیک مرحلے تکمیل پاکستان بنیادی ڈھانچے بہتری آئی منصوبے افغانستان وسطی ایشیاء روس رسائی فراہم ہوگی چینی سفیر یاؤچنگ پی پی	4	['سی پیک', 'پہلے مرحلے', 'تکمیل', 'پاکستان', 'بنیادی ڈھانچے', 'بہتری آئی ہے، منصوبے', 'افغانستان،', 'وسطی ایشیاء', 'روس', 'رسائی', 'چینی سفیر یاؤچنگ', 'اے', '...']
2019-10-08 06:40:10	UrduPoint	سی پیک سے کے تحت بلوچستان میں اقتصادی زونز کے قیام سے مقامی صنعت ترقی کرے گی، حکام سی پیک اتھارٹی	ur	1	CPEC	پیک بلوچستان اقتصادی زونز قیام مقامی صنعت ترقی حکام پیک اتھارٹی	3	['سی پیک', 'تحت بلوچستان', 'اقتصادی زونز', 'قیام', 'مقامی صنعت ترقی', 'گی، حکام', 'سی پیک اتھارٹی']
2019-10-08 07:08:35	UrduPoint	سی پیک کے تحت بلوچستان کی تحصیل بوستان میں انڈسٹریل زون پر کام تیزی سے جاری	ur	1	CPEC	پیک بلوچستان تحصیل بوستان انڈسٹریل زون کام تیزی جاری	5	['سی پیک', 'تحت بلوچستان', 'تحصیل بوستان', 'انڈسٹریل زون', 'کام تیزی']
2019-10-08 07:08:36	UrduPoint	سی پیک سے متعلقہ منصوبوں میں70 ہزار پاکستانیوں کو روزگار ملا ، حکام سی پیک اتھارٹی	ur	1	CPEC	پیک متعلقہ منصوبوں ہزار پاکستانیوں روزگار ملا حکام پیک اتھارٹی	3	['سی پیک', 'متعلقہ منصوبوں میں70', 'پاکستانیوں', 'روزگار', 'حکام', 'سی پیک اتھارٹی']
2019-10-08 07:20:52	ExpressNews	وزیراعظم سی پیک اتھارٹی کے چیئرپرسن مقرر، آرڈیننس جاری	ur	1	CPEC	وزیراعظم پیک اتھارٹی چیئرپرسن مقرر آرڈیننس جاری	3	['وزیراعظم', 'سی پیک اتھارٹی', 'چیئرپرسن مقرر، آرڈیننس']
2019-10-08 09:39:20	UrduPoint	"احسن اقبال نے سی پیک اتھارٹی کے آرڈیننس کو خلاف قانون قرار دیدیا 
سی پیک اتھارٹی کا قیام غیرقانونی اور پارلیمانی کمیٹی کی سفارشات کے منافی ہے، مسترد کرتے ہیں ، سیکرٹری ... مزید"	ur	1	CPEC	احسن اقبال پیک اتھارٹی آرڈیننس قانون قرار دیدیا پیک اتھارٹی قیام غیرقانونی پارلیمانی کمیٹی سفارشات منافی مسترد سیکرٹری	3	['احسن اقبال', 'سی پیک اتھارٹی', 'آرڈیننس', 'خلاف قانون قرار', 'سی پیک اتھارٹی', 'قیام', 'پارلیمانی کمیٹی', 'سفارشات', 'منافی ہے،', 'سیکرٹری ...']
2019-10-08 09:39:21	UrduPoint	"صدر مملکت عارف علوی نے سی پیک اتھارٹی آرڈیننس پر دستخط کردیئے
سی پیک اتھارٹی آرڈیننس کا اطلاق پورے پاکستان میں ہوگا ، وزیراعظم عمران خان اتھارٹی کے سربراہ ہوں گے"	ur	1	CPEC	صدر مملکت عارف علوی پیک اتھارٹی آرڈیننس دستخط پیک اتھارٹی آرڈیننس اطلاق پورے پاکستان وزیراعظم عمران خان اتھارٹی سربراہ	3	['صدر مملکت عارف علوی', 'سی پیک اتھارٹی آرڈیننس', 'دستخط کردیئے', 'سی پیک اتھارٹی آرڈیننس', 'اطلاق', 'پورے پاکستان', 'وزیراعظم عمران خان اتھارٹی', 'سربراہ']
2019-10-08 13:42:49	UrduPoint	پاکستان اور چین سی پیک کو معاشی و معاشی ترقی، صنعتی انقلاب اور جدید زراعتی نظام کے عمل انگیز کے طور پر استوار کرنے جا رہے ہیں، پاکستان اقتصادی سفارتکاری پر خصوصی توجہ ... مزید	ur	1	CPEC	پاکستان چین پیک معاشی و معاشی ترقی صنعتی انقلاب جدید زراعتی نظام عمل انگیز استوار پاکستان اقتصادی سفارتکاری خصوصی توجہ	4	['پاکستان', 'چین', 'سی پیک', 'معاشی ترقی،', 'صنعتی انقلاب', 'جدید زراعتی نظام', 'عمل انگیز', 'طور', 'ہیں، پاکستان', 'اقتصادی سفارتکاری', 'خصوصی توجہ ...']
2019-10-08 14:49:21	UrduPoint	"چین کی پاکستان کو قومی مفاد کے ایشو میں بھرپور تعاون کی یقین دہانی 
وزیراعظم اور چینی ہم منصب کے درمیان ملاقات،مقبوضہ کشمیر کی صورتحال اورسی پیک کے منصوبوں پرتبادلہ خیال،چینی ... مزید"	ur	1	CPEC	چین پاکستان قومی مفاد ایشو بھرپور تعاون یقین دہانی وزیراعظم چینی منصب ملاقات مقبوضہ کشمیر حال پیک منصوبوں تبادلہ خیال چینی	4	['چین', 'پاکستان', 'قومی مفاد', 'ایشو', 'بھرپور تعاون', 'یقین دہانی وزیراعظم', 'چینی', 'منصب', 'درمیان', 'ملاقات،مقبوضہ کشمیر', 'صورتحال', 'اورسی پیک', 'منصوبوں پرتبادلہ', 'خیال،چینی ...']
2019-10-08 15:40:54	UrduPoint	"وفاقی حکومت کی سردمہری اور ان کا رویہ قابل افسوس ہے، سعید غنی
سی پیک میں کے سی آر کو شامل نہ کرنا زیادتی کے مترادف ہے،صوبائی وزیر"	ur	1	CPEC	وفاقی حکومت سردمہری رویہ قابل افسوس سعید غنی پیک آر شامل زیادتی مترادف صوبائی وزیر	4	['وفاقی حکومت', 'سردمہری', 'رویہ', 'قابل افسوس ہے،', 'سعید غنی', 'سی پیک', 'سی آر', 'زیادتی', 'مترادف ہے،صوبائی وزیر']
2019-10-08 15:59:06	UrduPoint	"کراچی سرکولر ریلوے پر وفاقی حکومت کی سردمہری قابل افسوس ہے،سعید غنی
حالیہ دورے کے دوران وزیراعظم نے سی پیک پر جو نکات رکھے گئے ہیں، ان میں کے سی آر کو شامل نہ کرنا صوبہ ... مزید"	ur	1	CPEC	کراچی سرکولر ریلوے وفاقی حکومت سردمہری قابل افسوس سعید غنی حالیہ دورے وزیراعظم پیک نکات آر شامل صوبہ	4	['کراچی سرکولر ریلوے', 'وفاقی حکومت', 'سردمہری قابل افسوس', 'ہے،سعید غنی', 'حالیہ دورے', 'دوران وزیراعظم', 'سی پیک', 'نکات', 'ہیں،', 'سی آر', 'صوبہ ...']
2019-10-08 16:43:10	UrduPoint	وفاقی حکومت نے سی پیک اتھارٹی  بارے صدارتی آرڈیننس جاری کرکے شاندار اقدامات کئے،انوار الحق رامے	ur	1	CPEC	وفاقی حکومت پیک اتھارٹی صدارتی آرڈیننس جاری شاندار اقدامات انوار الحق رامے	3	['وفاقی حکومت', 'سی پیک اتھارٹی بارے', 'صدارتی آرڈیننس', 'جاری کرکے', 'شاندار اقدامات', 'کئے،انوار الحق رامے']
2019-10-09 14:28:52	UrduPoint	"پاکستان اور چین نے سی پیک کے تحت اربوں ڈالر مالیت کے ایم ایل۔ ون منصوبے کو حتمی شکل دے دی ہے، 

کراچی سے پشاور تک ریلوے ٹریک کی لمبائی تقریبا 1800 کلومیٹر ہوگی اور نیا سگنلنگ ... مزید"	ur	1	CPEC	پاکستان چین پیک اربوں ڈالر مالیت ایم ایل ون منصوبے حتمی شکل کراچی پشاور ریلوے ٹریک لمبائی تقریبا کلو میٹر ہوگی نیا سگنلنگ	4	['پاکستان', 'چین', 'سی پیک', 'تحت اربوں ڈالر مالیت', 'ایم ایل۔ ون منصوبے', 'حتمی شکل', 'ہے، کراچی', 'پشاور', 'ریلوے ٹریک', 'لمبائی', 'نیا سگنلنگ ...']
2019-10-09 14:30:33	UrduPoint	"پاکستان اور چین قریبی دوست، شراکت دار اور آہنی برادرز ہیں، پاکستان غربت کے خاتمہ کیلئے چین کے تجربات سے استفادہ کرنا چاہتا ہے، 

سی پیک کی تکمیل موجودہ حکومت کی اولین ... مزید"	ur	1	CPEC	پاکستان چین قریبی دوست شراکت دار آہنی برادرز پاکستان غربت خاتمہ کیلئے چین تجربات استفادہ چاہتا پیک تکمیل موجودہ حکومت اولین	4	['پاکستان', 'چین', 'قریبی دوست، شراکت دار', 'آہنی برادرز ہیں، پاکستان غربت', 'خاتمہ', 'چین', 'تجربات', 'استفادہ', 'ہے،', 'سی پیک', 'تکمیل', 'موجودہ حکومت', 'اولین ...']
2019-10-10 09:31:52	UrduPoint	سی پیک کے دوسرے مرحلے کی تکمیل سے روزگار کے مواقع پیدا کرنے میں مدد ملے گی، حکام سی پیک اتھارٹی	ur	1	CPEC	پیک مرحلے تکمیل روزگار مواقع پیدا مدد ملے حکام پیک اتھارٹی	3	['سی پیک', 'دوسرے مرحلے', 'تکمیل', 'روزگار', 'مواقع پیدا', 'مدد', 'گی، حکام', 'سی پیک اتھارٹی']
2019-10-11 06:53:51	UrduPoint	پاک چین صنعتی تعاون کو فروغ دینے کے لئے جامع فریم ورک تیار کیا جا رہا ہے، حکام سی پیک اتھارٹی	ur	1	CPEC	پاک چین صنعتی تعاون فروغ جامع فریم ورک تیار حکام پیک اتھارٹی	3	['پاک چین', 'صنعتی تعاون', 'فروغ', 'لئے', 'جامع فریم ورک', 'ہے، حکام', 'سی پیک اتھارٹی']
2019-10-11 06:53:51	UrduPoint	وزیراعظم کا دورہ چین سی پیک کے نئے منصوبوں میں مددگار ثابت ہوگا، حسن دائودبٹ	ur	1	CPEC	وزیراعظم دورہ چین پیک نئے منصوبوں مددگار ثابت حسن دائودبٹ	4	['وزیراعظم', 'دورہ چین', 'سی پیک', 'نئے منصوبوں', 'مددگار ثابت ہوگا، حسن دائودبٹ']
2019-10-11 06:53:51	UrduPoint	چین کے چیف پلانرکنگ ژی وانگ کا سی پیک کے تحت جاری منصوبوں کی معیاری اور بروقت تکمیل پر اطمینان کا اظہار	ur	1	CPEC	چین چیف پلانرکنگ ژی وانگ پیک جاری منصوبوں معیاری بروقت تکمیل اطمینان اظہار	4	['چین', 'چیف پلانرکنگ ژی وانگ', 'سی پیک', 'تحت', 'جاری منصوبوں', 'بروقت تکمیل', 'اطمینان', 'اظہار']
2019-10-09 14:29:00	Voice Of America	ترکی کی شام میں فوجی کارروائی کا آغاز	ur	1	TurkishArmy	ترکی شام فوجی کارروائی آغاز	0	['ترکی', 'شام', 'فوجی کارروائی', 'آغاز']
2019-10-09 14:29:47	Voice Of America	ترکی نے شام میں فوجی کارروائی کا آغاز کر دیا	ur	1	TurkishArmy	ترکی شام فوجی کارروائی آغاز	0	['ترکی', 'شام', 'فوجی کارروائی', 'آغاز']
2019-10-10 07:11:25	UrduPoint	"ترکی شام میں کرد جنگجوؤں کیخلاف فوجی کارروائی روک دے‘یورپی یونین
یورپی یونین شام میں مجوزہ ’’سیف زون‘‘ کے قیام کے لیے کوئی رقم نہیں دے گی"	ur	1	TurkishArmy	ترکی شام کرد جنگجوؤں کیخلاف فوجی کارروائی روک یورپی یونین یورپی یونین شام مجوزہ سیف زون قیام رقم	0	['ترکی شام', 'کرد جنگجوؤں کیخلاف فوجی کارروائی', 'دے‘یورپی یونین', 'یورپی یونین شام', 'مجوزہ ’’سیف زون‘‘', 'قیام', 'رقم']
2019-10-10 09:06:06	UrduPoint	"شام میں ترک فوجی کارروائی پر عالمی برادری چلا اٹھی
صدر سلامتی کونسل کا ترکی سے شہریوں کی جان ومال کا حفاظت یقینی بنانے اور تحمل کا مظاہرہ کرنے کا مطالبہ"	ur	1	TurkishArmy	شام ترک فوجی کارروائی عالمی برادری چلا اٹھی صدر سلامتی کونسل ترکی شہریوں جان ومال حفاظت یقینی بنانے تحمل مظاہرہ مطالبہ	0	['شام', 'ترک فوجی کارروائی', 'عالمی برادری', 'صدر', 'سلامتی کونسل', 'ترکی', 'شہریوں', 'جان ومال', 'حفاظت', 'تحمل', 'مظاہرہ', 'مطالبہ']
2019-10-10 09:06:06	UrduPoint	"ترکی کی فوجی کارروائی کے بعد شام میں بڑے پیمانے پرلوگوں کی نقل مکانی
ْ راس العین سے نقل مکانی کرنے والے افراد جنوبی علاقے الحسکہ کی طرف جنوب کی طرف جا رہے ہیں"	ur	1	TurkishArmy	ترکی فوجی کارروائی شام بڑے پیمانے پرلوگوں نقل مکانی ْ راس العین نقل مکانی افراد جنوبی علاقے الحسکہ جنوب	0	['ترکی', 'فوجی کارروائی', 'بعد شام', 'بڑے پیمانے پرلوگوں', 'نقل مکانی ْ راس العین', 'نقل مکانی', 'افراد', 'جنوبی علاقے الحسکہ', 'طرف جنوب', 'طرف']
2019-10-10 09:54:39	UrduPoint	عالمی برادری کیشام میں ترک فوجی کارروائی کی مذمت	ur	1	TurkishArmy	عالمی برادری کیشام ترک فوجی کارروائی مذمت	0	['عالمی برادری کیشام', 'ترک فوجی کارروائی', 'مذمت']
2019-10-10 13:33:37	Voice Of America	ترک فوجی کارروائی پر غور کے لئے اقوام متحدہ کا اجلاس آج	ur	1	TurkishArmy	ترک فوجی کارروائی غور اقوام متحدہ اجلاس آج	0	['ترک فوجی کارروائی', 'غور', 'لئے اقوام متحدہ', 'اجلاس آج']
2019-10-11 05:45:18	UrduPoint	سلامتی کونسل کے رکن یورپی ممالک کا ترکی سے شام میں فوجی کارروائی روکنے کا مطالبہ	ur	1	TurkishArmy	سلامتی کونسل رکن یورپی ممالک ترکی شام فوجی کارروائی روکنے مطالبہ	0	['سلامتی کونسل', 'رکن', 'یورپی ممالک', 'ترکی', 'شام', 'فوجی کارروائی', 'مطالبہ']
2019-09-20 08:15:16	UrduPoint	کشمیریوں سے اظہار یکجہتی کی قرارداد پنجاب اسمبلی میں جمع	ur	1	Kashmir	کشمیریوں اظہار یکجہتی قرار داد پنجاب اسمبلی جمع	7	['کشمیریوں', 'اظہار یکجہتی', 'قرارداد', 'پنجاب اسمبلی']
2019-09-20 09:43:47	UrduPoint	سیالکوٹ، کشمیریوں سے اظہار یکجہتی کے لیے ریلی	ur	1	Kashmir	سیالکوٹ کشمیریوں اظہار یکجہتی ریلی	7	['سیالکوٹ، کشمیریوں', 'اظہار یکجہتی', 'ریلی']
2019-09-20 10:15:17	UrduPoint	ضلعی انتظامیہ اور ڈسٹرکٹ ایجوکیشن اتھارٹی کے اشتراک سے کشمیری خواتین کے وقار کی بحالی اور ان سے اظہار یکجہتی کیلئے ریلی کا انعقاد	ur	1	Kashmir	ضلعی انتظامیہ ڈسٹرکٹ ایجوکیشن اتھارٹی اشتراک کشمیری خواتین وقار بحالی اظہار یکجہتی کیلئے ریلی انعقاد	7	['ضلعی انتظامیہ', 'ڈسٹرکٹ ایجوکیشن اتھارٹی', 'اشتراک', 'کشمیری خواتین', 'وقار', 'بحالی', 'اظہار', 'ریلی', 'انعقاد']
2019-09-20 10:25:15	UrduPoint	وکلاء کشمیری مسلمانوں سے اظہار یکجہتی کیلئے 23 ستمبر کو کنونشن اور ریلی کا انعقاد کریں گے، محمد ارشد اعوان ایڈووکیٹ	ur	1	Kashmir	وکلاء کشمیری مسلمانوں اظہار یکجہتی کیلئے ستمبر کنونشن ریلی انعقاد محمد ارشد اعوان ایڈووکیٹ	7	['وکلاء', 'کشمیری مسلمانوں', 'اظہار', 'ستمبر', 'کنونشن', 'ریلی', 'انعقاد', 'گے، محمد ارشد اعوان ایڈووکیٹ']
2019-09-20 10:35:21	UrduPoint	ہرنائی میں کشمیریوں سے اظہار یکجہتی ریلی،احتجاجی مظاہرہ	ur	1	Kashmir	ہرنائی کشمیریوں اظہار یکجہتی ریلی احتجاجی مظاہرہ	7	['ہرنائی', 'کشمیریوں', 'اظہار یکجہتی', 'ریلی،احتجاجی مظاہرہ']
2019-09-20 10:49:09	UrduPoint	مقبوضہ کشمیر کی مظلوم و محکوم کشمیری خواتین کے ساتھ اظہار یکجہتی کے لیے محکمہ ترقی نسواں کے زیر اہتمام یکجہتی ریلی کا انعقاد	ur	1	Kashmir	مقبوضہ کشمیر مظلوم و محکوم کشمیری خواتین اظہار یکجہتی محکمہ ترقی نسواں زیر اہتمام یکجہتی ریلی انعقاد	7	['مقبوضہ کشمیر', 'مظلوم', 'محکوم', 'کشمیری خواتین', 'ساتھ اظہار یکجہتی', 'محکمہ ترقی نسواں', 'زیر اہتمام یکجہتی ریلی', 'انعقاد']
2019-09-20 11:50:23	UrduPoint	ڈیرہ مرادجمالی میں کشمیریوں سے اظہار یکجہتی کیلئے ریلی نکالی گئی	ur	1	Kashmir	ڈیرہ مرادجمالی کشمیریوں اظہار یکجہتی کیلئے ریلی نکالی	7	['ڈیرہ مرادجمالی', 'کشمیریوں', 'اظہار', 'ریلی']
2019-09-20 13:02:41	UrduPoint	شیخوپورہ ،ضلعی انتظامیہ کے زیر اہتمام کشمیری بھائیوں سے اظہار یکجہتی اور بھارتی مظالم کیخلاف سیمینار اور خواتین کی ریلی کا انعقاد کیا گیا	ur	1	Kashmir	شیخوپورہ ضلعی انتظامیہ زیر اہتمام کشمیری بھائیوں اظہار یکجہتی بھارتی مظالم کیخلاف سیمینار خواتین ریلی انعقاد	7	['شیخوپورہ', '،ضلعی انتظامیہ', 'زیر اہتمام', 'کشمیری بھائیوں', 'اظہار یکجہتی', 'بھارتی مظالم', 'کیخلاف سیمینار', 'خواتین', 'ریلی', 'انعقاد']
2019-09-20 13:46:35	UrduPoint	"کشمیر پاکستانیوں کی رگوں میں خون کی طرح دو ڑتا ہے ،مسرت جمشید چیمہ 

چیئر پرسن قائمہ کمیٹی داخلہ کی قیادت میں کاشانہ ہوم کی بچیوں نے کشمیریوں سے اظہار یکجہتی کیلئے ریلی ... مزید"	ur	1	Kashmir	کشمیر پاکستانیوں رگوں خون ڑتا مسرت جمشید چیمہ چیئر پرسن قائمہ کمیٹی داخلہ قیادت کاشانہ ہوم بچیوں کشمیریوں اظہار یکجہتی کیلئے ریلی	7	['کشمیر پاکستانیوں', 'رگوں', 'خون', 'طرح', '،مسرت جمشید چیمہ چیئر پرسن قائمہ کمیٹی داخلہ', 'قیادت', 'کاشانہ ہوم', 'بچیوں', 'کشمیریوں', 'اظہار', 'ریلی ...']
2019-09-20 13:59:49	UrduPoint	مظفرگڑھ,کشمیری عوام سے اظہار یکجہتی کیلئی ریلیاں نکالی گئیں	ur	1	Kashmir	مظفرگڑھ کشمیری عوام اظہار یکجہتی کیلئی ریلیاں نکالی گئیں	7	['مظفرگڑھ,کشمیری عوام', 'اظہار یکجہتی', 'کیلئی ریلیاں']
2019-09-20 13:59:49	UrduPoint	"کشمیریوں سے اظہار یکجہتی ہم سب پر لازمی ہے، عبدالوسیم 
پاکستان کی سلامی پر ہماری زندگی قربان ہے، شرف الدین"	ur	1	Kashmir	کشمیریوں اظہار یکجہتی لازمی عبدالوسیم پاکستان سلامی زندگی قربان شرف الدین	7	['کشمیریوں', 'اظہار یکجہتی', 'لازمی ہے، عبدالوسیم پاکستان', 'سلامی', 'زندگی', 'قربان ہے، شرف الدین']
2019-09-20 14:13:04	UrduPoint	مقبوضہ کشمیر کی خواتین سے اظہار یکجہتی کے لئے گورنمنٹ گرلزکالج وہاڑی  سے ریلی نکا لی گئی	ur	1	Kashmir	مقبوضہ کشمیر خواتین اظہار یکجہتی گورنمنٹ گرلزکالج وہاڑی ریلی نکا	7	['مقبوضہ کشمیر', 'خواتین', 'اظہار یکجہتی', 'لئے گورنمنٹ گرلزکالج وہاڑی', 'ریلی']
2019-09-20 14:13:04	UrduPoint	کشمیریوں کے ساتھ اظہار یکجہتی کیلئے پوری قوم اٹھ کھڑی ہے،رانا شکیل احمد	ur	1	Kashmir	کشمیریوں اظہار یکجہتی کیلئے قوم اٹھ کھڑی رانا شکیل احمد	7	['کشمیریوں', 'ساتھ اظہار یکجہتی', 'پوری قوم', 'کھڑی ہے،رانا شکیل احمد']
2019-09-20 14:19:24	UrduPoint	کشمیریوں سے اظہار یکجہتی کیلیے شعبہ خواتین کشمیر کمیٹی کے زیر اہتمام پاکپتن میں ریلی کا انعقاد	ur	1	Kashmir	کشمیریوں اظہار یکجہتی کیلیے شعبہ خواتین کشمیر کمیٹی زیر اہتمام پاکپتن ریلی انعقاد	7	['کشمیریوں', 'اظہار یکجہتی', 'شعبہ خواتین', 'کشمیر کمیٹی', 'زیر اہتمام پاکپتن', 'ریلی', 'انعقاد']
2019-09-20 14:28:17	UrduPoint	کوہلو ،کشمیریوں سے اظہار یکجہتی کیلئے ریلی نکالی گئی	ur	1	Kashmir	کوہلو کشمیریوں اظہار یکجہتی کیلئے ریلی نکالی	7	['کوہلو ،کشمیریوں', 'اظہار', 'ریلی']
2019-09-20 15:36:08	UrduPoint	نصیرآباد:ڈیرہ مرادجمالی میں کشمیریوں سے اظہار یکجہتی اور پاک فوج کے حق میں قبائلی رہنماء وڈیرہ عرض محمد جتک کی قیادت میں جتک ہاوس سے ریلی	ur	1	Kashmir	نصیرآباد ڈیرہ مرادجمالی کشمیریوں اظہار یکجہتی پاک فوج حق قبائلی رہنماء وڈیرہ عرض محمد جتک قیادت جتک ہاوس ریلی	7	['نصیرآباد:ڈیرہ مرادجمالی', 'کشمیریوں', 'اظہار یکجہتی', 'پاک فوج', 'حق', 'قبائلی رہنماء', 'وڈیرہ عرض محمد جتک', 'قیادت', 'جتک ہاوس', 'ریلی']
2019-09-20 15:53:37	UrduPoint	الپوری:ضلع بھر میں بھی مختلف تنظیموں،مذہبی وسیاسی جماعتوں ، مختلف سکولوں، کالجوں کے طلباء۔ انجمن تاجران کا کشمیریوں سے اظہار یکجہتی کے حوالے سے ریلیاں اوراحتجاجی مظاہرے	ur	1	Kashmir	الپوری ضلع مختلف تنظیموں مذہبی وسیاسی جماعتوں مختلف سکولوں کالجوں طلباء انجمن تاجران کشمیریوں اظہار یکجہتی حوالے ریلیاں اوراحتجاجی مظاہرے	7	['الپوری:ضلع', 'مختلف تنظیموں،مذہبی', 'وسیاسی جماعتوں', 'مختلف سکولوں، کالجوں', 'طلباء۔ انجمن تاجران', 'کشمیریوں', 'اظہار یکجہتی', 'حوالے', 'ریلیاں', 'اوراحتجاجی مظاہرے']
2019-09-20 17:10:22	UrduPoint	ڈپٹی کمشنر صحبت پور محمد یونس سنجرانی کی قیادت میںکشمیر کے مظلوم بھائیوں سے اظہار یکجہتی کیلئے ریلی کا انعقاد	ur	1	Kashmir	ڈپٹی کمشنر صحبت پور محمد یونس سنجرانی قیادت میںکشمیر مظلوم بھائیوں اظہار یکجہتی کیلئے ریلی انعقاد	7	['ڈپٹی کمشنر صحبت پور محمد یونس سنجرانی', 'قیادت میںکشمیر', 'مظلوم بھائیوں', 'اظہار', 'ریلی', 'انعقاد']
2019-09-20 17:10:23	UrduPoint	کمشنر سبی ڈویژن سید فیصل احمد کی قیادت میں کشمیریوں سے اظہار یکجہتی کے حوالے سے ریلی کا انعقاد	ur	1	Kashmir	کمشنر سبی ڈویژن سید فیصل احمد قیادت کشمیریوں اظہار یکجہتی حوالے ریلی انعقاد	7	['کمشنر سبی ڈویژن سید فیصل احمد', 'قیادت', 'کشمیریوں', 'اظہار یکجہتی', 'حوالے', 'ریلی', 'انعقاد']
2019-09-20 17:20:57	UrduPoint	"مرکزی علماء کونسل کی اپیل پر کشمیریوں سے اظہار یکجہتی کیلئے ملک بھرمیں’’یوم ندائے کشمیر‘‘ منایا گیا

جمعہ کے اجتماعات میں مقبوضہ کشمیر میں بھارتی مظالم کیخلاف مذمتی ... مزید"	ur	1	Kashmir	مرکزی علماء کونسل اپیل کشمیریوں اظہار یکجہتی کیلئے ملک بھرمیں یوم ندائے کشمیر منایا جمعہ اجتماعات مقبوضہ کشمیر بھارتی مظالم کیخلاف مذمتی	7	['مرکزی علماء کونسل', 'اپیل', 'کشمیریوں', 'اظہار', 'ملک بھرمیں’’یوم ندائے کشمیر‘‘', 'جمعہ', 'اجتماعات', 'مقبوضہ کشمیر', 'بھارتی مظالم کیخلاف', 'مذمتی ...']
2019-09-20 17:35:18	UrduPoint	گورنمنٹ ڈگری کالج سکھر میں کشمیری عوام کیساتھ اظہار یکجہتی کیلئے ریلی	ur	1	Kashmir	گورنمنٹ ڈگری کالج سکھر کشمیری عوام کیساتھ اظہار یکجہتی کیلئے ریلی	7	['گورنمنٹ ڈگری کالج سکھر', 'کشمیری عوام کیساتھ اظہار یکجہتی', 'ریلی']
2019-09-22 18:10:19	UrduPoint	"کشمیر کمیٹی کراچی کے تحت کشمیریوں سے اظہار یکجہتی کے لیے عظیم الشان موٹر سائیکل ریلی نکالی گئی، شہریوں کی بڑی تعداد کی شرکت 
دنیا کی کوئی طاقت کشمیری حریت پسندوں کی حمایت ... مزید"	ur	1	Kashmir	کشمیر کمیٹی کراچی کشمیریوں اظہار یکجہتی عظیم الشان موٹر سائیکل ریلی نکالی شہریوں تعداد شرکت دنیا طاقت کشمیری حریت پسندوں حمایت	7	['کشمیر کمیٹی کراچی', 'تحت کشمیریوں', 'اظہار یکجہتی', 'عظیم الشان موٹر سائیکل ریلی نکالی گئی، شہریوں', 'بڑی تعداد', 'شرکت دنیا', 'طاقت کشمیری حریت پسندوں', 'حمایت ...']
2019-09-23 10:28:10	ExpressNews	اظہار یکجہتی یا دکھاوا؟	ur	1	Kashmir	اظہار یکجہتی دکھاوا	7	['اظہار یکجہتی', 'دکھاوا؟']
2019-10-07 13:59:17	UrduPoint	پشین ۔پشین میں کشمیری عوام کے ساتھ اظہار یکجہتی کیلئے تحریک جوانان پاکستان کے زیر اہتمام ریلی کا انعقاد	ur	1	Kashmir	پشین پشین کشمیری عوام اظہار یکجہتی کیلئے تحریک جوانان پاکستان زیر اہتمام ریلی انعقاد	7	['پشین ۔پشین', 'کشمیری عوام', 'ساتھ اظہار', 'تحریک جوانان پاکستان', 'زیر اہتمام ریلی', 'انعقاد']
2019-10-08 19:10:34	UrduPoint	"وزیر اعظم عمران خان نے مسئلہ کشمیر کو بین الاقوامی فورم پر حقیقی جذبے سے اجاگر کیا ہے ، نورالحق قادری
وفاقی وزیر برائے مذہبی امور کاکشمیریوں کے ساتھ اظہار یکجہتی کے لئے ... مزید"	ur	1	Kashmir	وزیر اعظم عمران خان مسئلہ کشمیر بین الاقوامی فورم حقیقی جذبے اجاگر نورالحق قادری وفاقی وزیر برائے مذہبی امور کاکشمیریوں اظہار یکجہتی	4	['وزیر اعظم عمران خان', 'مسئلہ کشمیر', 'بین الاقوامی فورم', 'حقیقی جذبے', 'نورالحق', 'قادری وفاقی وزیر', 'مذہبی امور کاکشمیریوں', 'ساتھ اظہار یکجہتی', 'لئے ...']
2019-10-10 08:39:15	UrduPoint	گلوکارہ رابی پیر زادہ نے کشمیری بھائیوں سے اظہار یکجہتی کیلئے نیا گانا ریکارڈ کر کے سوشل میڈیا پر اپ لوڈ کردیا	ur	1	Kashmir	گلوکارہ رابی پیر زادہ کشمیری بھائیوں اظہار یکجہتی کیلئے نیا گانا ریکارڈ سوشل میڈیا لوڈ	7	['گلوکارہ رابی پیر زادہ', 'کشمیری بھائیوں', 'اظہار یکجہتی', 'نیا گانا ریکارڈ', 'سوشل میڈیا', 'اپ لوڈ']
2019-10-10 09:52:12	UrduPoint	صدر جے آئی یوتھ چناری دھرنا مظاہرین سے اظہار یکجہتی کیلئے چناری پہنچ گئے‘دھرنے کا بھرپور استقبال	ur	1	Kashmir	صدر جے آئی یوتھ چناری دھرنا مظاہرین اظہار یکجہتی کیلئے چناری پہنچ دھرنے بھرپور استقبال	7	['صدر جے آئی یوتھ چناری', 'مظاہرین', 'اظہار', 'چناری', 'بھرپور استقبال']
2019-10-10 13:20:43	ExpressNews	کشمیریوں سے اظہار یکجہتی؛حکومت کا اسلام آباد میں انسانی ہاتھوں کی زنجیر بنانے کا اعلان	ur	1	Kashmir	کشمیریوں اظہار یکجہتی حکومت اسلام آباد انسانی ہاتھوں زنجیر بنانے اعلان	7	['کشمیریوں', 'اظہار یکجہتی؛حکومت', 'اسلام', 'انسانی ہاتھوں', 'زنجیر', 'اعلان']
2019-10-10 15:32:15	UrduPoint	"مقبوضہ جموں کشمیر کے مظلوموں کے ساتھ اظہار یکجہتی کے لئے (کل )اسلام آباد میں انسانی ہاتھوں کی زنجیر بنائی جائے گی، ڈاکٹر فردوس عاشق اعوان

سہ پہر 3 بجے ایکسپریس چوک سے ... مزید"	ur	1	Kashmir	مقبوضہ جموں کشمیر مظلوموں اظہار یکجہتی کل اسلام آباد انسانی ہاتھوں زنجیر بنائی ڈاکٹر فردوس عاشق اعوان سہ پہر بجے ایکسپریس چوک	6	['مقبوضہ جموں کشمیر', 'مظلوموں', 'ساتھ اظہار یکجہتی', 'لئے (کل )اسلام آباد', 'انسانی ہاتھوں', 'زنجیر', 'گی، ڈاکٹر فردوس', 'عاشق اعوان', 'پہر', 'بجے ایکسپریس چوک', '...']
2019-10-10 17:00:35	UrduPoint	حیدرآباد کے شہری 13اکتوبر کو کشمیر مارچ میں بھرپور شرکت کرکے کشمیر کے مظلوم عوام سے اظہار یکجہتی کریں گے‘ حافظ طاہر مجید	ur	1	Kashmir	حیدر آباد شہری اکتوبر کشمیر مارچ بھرپور شرکت کشمیر مظلوم عوام اظہار یکجہتی حافظ طاہر مجید	7	['حیدرآباد', 'شہری 13اکتوبر', 'کشمیر مارچ', 'بھرپور شرکت کرکے کشمیر', 'مظلوم عوام', 'اظہار یکجہتی', 'گے‘ حافظ طاہر مجید']
2019-10-10 18:54:29	UrduPoint	"نواز شریف کو چوہدری شوگر مل کیس میں گرفتار کیے جانے کا امکان 

ن) لیگ نے رہنمائوں اور کارکنوں کو ممکنہ پیشی کے موقع پر اظہار یکجہتی کیلئے عدالت کے باہر پہنچنے کی ہدایت ... مزید"	ur	1	Kashmir	نواز شریف چوہدری شوگر کیس گرفتار امکان ن لیگ رہنمائوں کارکنوں ممکنہ پیشی موقع اظہار یکجہتی کیلئے عدالت پہنچنے ہدایت	7	['نواز', 'چوہدری شوگر', 'کیس', 'امکان ن) لیگ', 'رہنمائوں', 'کارکنوں', 'ممکنہ پیشی', 'موقع', 'اظہار', 'عدالت', 'باہر', 'ہدایت ...']
2019-10-11 07:48:55	UrduPoint	کشمیریوں سے اظہار یکجہتی کے لئے 27 اکتوبر کو یوم سیاہ منایا جائے گا، وزارت داخلہ کی طرف سے نوٹیفکیشن جاری	ur	1	Kashmir	کشمیریوں اظہار یکجہتی اکتوبر یوم سیاہ منایا وزارت داخلہ نوٹیفکیشن جاری	7	['کشمیریوں', 'اظہار یکجہتی', 'لئے', 'اکتوبر', 'یوم', 'گا، وزارت داخلہ', 'طرف', 'نوٹیفکیشن']
2019-09-21 06:02:38	ExpressNews	پاک سری لنکن ٹی ٹوئنٹی سیریز؛ ٹکٹوں کی فروخت شروع	ur	1	PakSrilanka	پاک سری لنکن ٹی ٹوئنٹی سیریز ٹکٹوں فروخت شروع	8	['پاک سری لنکن ٹی ٹوئنٹی سیریز؛ ٹکٹوں', 'فروخت شروع']
2019-09-21 06:02:38	UrduPoint	پاک سری لنکن ٹی ٹوئنٹی سیریز؛ ٹکٹوں کی فروخت شروع	ur	1	PakSrilanka	پاک سری لنکن ٹی ٹوئنٹی سیریز ٹکٹوں فروخت شروع	8	['پاک سری لنکن ٹی ٹوئنٹی سیریز؛ ٹکٹوں', 'فروخت شروع']
2019-09-24 04:20:20	ExpressNews	سری لنکنز کا استقبال، کراچی نے بانہیں پھیلا دیں	ur	1	PakSrilanka	سری لنکنز استقبال کراچی بان پھیلا	8	['سری لنکنز', 'استقبال، کراچی', 'بانہیں']
2019-10-07 15:54:46	UrduPoint	"انشاء اللہ انگلینڈ کی ٹیم جلد اور ضرور پاکستان کا دورہ کرے گی
پاکستان میں بین الاقوامی کرکٹ بحال ہونی چاہیئے، سری لنکن ٹیم کا دورہ خوش آئندہ ہے: انگلش لیگ اسپنر عادل رشید"	ur	1	PakSrilanka	انشاء اللہ انگلینڈ ٹیم جلد ضرور پاکستان دورہ پاکستان بین الاقوامی کرکٹ بحال سری لنکن ٹیم دورہ خوش آئندہ انگلش لیگ اسپنر عادل رشید	8	['انشاء اللہ انگلینڈ', 'ٹیم جلد', 'پاکستان', 'دورہ', 'پاکستان', 'بین الاقوامی کرکٹ', 'چاہیئے، سری لنکن ٹیم', 'دورہ', 'خوش آئندہ ہے: انگلش لیگ اسپنر عادل رشید']
2019-10-07 17:00:44	UrduPoint	"پاک سری لنکن ٹی ٹونٹی کرکٹ سیریز ، سکیورٹی کے حسب معمول سخت اقدمات کئے گئے

قذافی سٹیڈیم کی جانب آنے والی تمام سڑکوں کو دوپہر دو بجے ہر قسم کی ٹریفک کے لئے بند کردیا گیادوپہر ... مزید"	ur	1	PakSrilanka	پاک سری لنکن ٹی ٹونٹی کرکٹ سیریز سکیورٹی حسب معمول سخت اقدمات قذافی سٹیڈیم جانب آنے سڑکوں دوپہر بجے قسم ٹریفک گیادوپہر	8	['پاک سری لنکن ٹی ٹونٹی کرکٹ سیریز', 'سکیورٹی', 'حسب معمول', 'سخت اقدمات', 'قذافی سٹیڈیم', 'جانب', 'سڑکوں', 'دوپہر', 'بجے', 'قسم', 'ٹریفک', 'لئے', 'گیادوپہر ...']
2019-10-07 19:55:15	UrduPoint	ٹیم کی ہارپر جواب دہ ہوں‘ سری لنکن ٹیم نے بائولنگ ‘ بیٹنگ میں اچھی پرفارمنس دی‘ ہم دونوں شعبوں میں مکمل فیل ہوئے‘ ہار کے بعد ٹیم میں خامیوں کا پتہ چل گیا ‘ مضبوط ٹیم بنانے ... مزید	ur	1	PakSrilanka	ٹیم ہارپر اب دہ سری لنکن ٹیم بائولنگ بیٹنگ اچھی پرفارمنس شعبوں فیل ہار ٹیم خامیوں پتہ چل مضبوط ٹیم بنانے	8	['ٹیم', 'ہارپر جواب', 'دہ ہوں‘ سری لنکن ٹیم', 'بائولنگ', '‘ بیٹنگ', 'اچھی پرفارمنس دی‘', 'شعبوں', 'مکمل فیل', 'ہوئے‘ ہار', 'بعد ٹیم', 'خامیوں', 'پتہ', '‘', 'مضبوط ٹیم', '...']
2019-10-08 04:50:20	UrduPoint	پاکستان اور سری لنکا کے درمیان تیسرا اور آخری ٹی ٹونٹی انٹرنیشنل کرکٹ میچ (آج) کھیلا جائے گا، سری لنکن ٹیم کو پاکستان کے خلاف سیریز میں 2-0 کی فیصلہ کن برتری حاصل، مہمان ... مزید	ur	1	PakSrilanka	پاکستان سری لنکا تیسرا آخری ٹی ٹونٹی انٹرنیشنل کرکٹ میچ آج کھیلا سری لنکن ٹیم پاکستان سیریز فیصلہ کن برتری مہم	8	['پاکستان', 'سری لنکا', 'درمیان', 'آخری ٹی ٹونٹی انٹرنیشنل کرکٹ میچ (آج)', 'گا، سری لنکن ٹیم', 'پاکستان', 'خلاف سیریز', '2-0', 'فیصلہ', 'برتری', 'حاصل، مہمان ...']
2019-10-08 08:58:45	UrduPoint	"پاکستان اور سری لنکن کی کرکٹ ٹیموں کے درمیان تیسرا اور آخری ٹی ٹوئنٹی میچ کل کھیلا جائیگا 
میچ شام 6 بجکر 30 منٹ پر شروع ہوگا،برقی قمقموں کی روشنی میں کھیلا جائیگا، سری ... مزید"	ur	1	PakSrilanka	پاکستان سری لنکن کرکٹ ٹیموں تیسرا آخری ٹی ٹوئنٹی میچ کل کھیلا جائیگا میچ شام بجکر منٹ شروع برقی قمقموں روشنی کھیلا جائیگا سری	8	['پاکستان', 'سری لنکن', 'کرکٹ ٹیموں', 'درمیان', 'آخری ٹی ٹوئنٹی میچ', 'میچ شام', 'بجکر', 'منٹ', 'شروع', 'ہوگا،برقی قمقموں', 'روشنی', 'جائیگا، سری ...']
2019-10-08 15:11:43	UrduPoint	پاک سری لنکن ٹی ٹونٹی کرکٹ سیریز کا تیسرا اور آخری میچ کل کھیلا جائے گا	ur	1	PakSrilanka	پاک سری لنکن ٹی ٹونٹی کرکٹ سیریز تیسرا آخری میچ کل کھیلا	8	['پاک سری لنکن ٹی ٹونٹی کرکٹ سیریز', 'آخری میچ']
2019-10-08 16:15:17	UrduPoint	"پاکستان اور سری لنکا کے درمیان تیسرا اور آخری ٹی ٹونٹی انٹرنیشنل کرکٹ میچ ( کل ) کھیلا جائے گا

سری لنکن ٹیم کو پاکستان کے خلاف سیریز میں 2-0 کی فیصلہ کن برتری حاصل، مہمان ... مزید"	ur	1	PakSrilanka	پاکستان سری لنکا تیسرا ٹی ٹونٹی انٹرنیشنل کرکٹ میچ کل کھیلا سری لنکن ٹیم پاکستان سیریز فیصلہ کن برتری مہم	8	['پاکستان', 'سری لنکا', 'درمیان', 'آخری ٹی ٹونٹی انٹرنیشنل کرکٹ میچ', 'سری لنکن ٹیم', 'پاکستان', 'خلاف سیریز', '2-0', 'فیصلہ', 'برتری', 'حاصل، مہمان ...']
2019-10-09 12:33:16	UrduPoint	"سری لنکن آل راﺅنڈ ر تھیسارا پریرا نے دورہ پاکستان سے انکار کرنے کی وجہ بتا دی 
کیریبئن لیگ کے دوران ڈینگی بخار ہوگیا،ڈاکٹر کی ایڈوائس پر آرام کررہا ہوں:آل راﺅنڈر"	ur	1	PakSrilanka	سری لنکن آل راﺅنڈ ر تھیسارا پریرا دورہ پاکستان کار بتا کیریبئن لیگ ڈینگی بخار ڈاکٹر ایڈوائس آرام آل راﺅنڈر	8	['سری لنکن آل راﺅنڈ ر تھیسارا پریرا', 'دورہ پاکستان', 'انکار', 'وجہ', 'کیریبئن لیگ', 'دوران ڈینگی بخار ہوگیا،ڈاکٹر', 'ایڈوائس', 'آرام کررہا ہوں:آل راﺅنڈر']
2019-10-09 15:40:21	UrduPoint	"چھاتی کے سرطان کے حوالے سے پنک ربن ڈے

پاکستان کرکٹ بورڈ نے قذافی سٹیڈیم میں کھیلے جانیوالے پاک سری لنکن ٹی ٹونٹی سیریز کے تیسرے اور آخری میچ کو پنک ربن سے منصوب کردیا

میچ ... مزید"	ur	1	PakSrilanka	چھاتی سرطان حوالے پنک ربن ڈے پاکستان کرکٹ بورڈ قذافی سٹیڈیم کھیلے جانیوالے پاک سری لنکن ٹی ٹونٹی سیریز تیسرے آخری میچ پنک ربن منصوب میچ	8	['چھاتی', 'سرطان', 'حوالے', 'پنک ربن ڈے پاکستان کرکٹ بورڈ', 'قذافی سٹیڈیم', 'پاک سری لنکن ٹی ٹونٹی سیریز', 'آخری میچ', 'پنک ربن', 'میچ ...']
2019-10-09 15:56:31	UrduPoint	"’میچ کا ٹکٹ لینے سے اچھا تھا میں لان کا سوٹ ہی لے لیتی‘
سری لنکن ٹیم سے ٹی ٹوئنٹی سیریز ہارنے کے بعد سوشل میڈیا صارفین کے قومی ٹیم کی خراب کارکردگی پر دلچسپ تبصرے"	ur	1	PakSrilanka	میچ ٹکٹ لینے اچھا لان سوٹ سری لنکن ٹیم ٹی ٹوئنٹی سیریز ہارنے سوشل میڈیا صارفین قومی ٹیم خراب کار کردگی دلچسپ تبصرے	8	['’میچ', 'ٹکٹ', 'لان', 'سوٹ', 'لیتی‘ سری لنکن ٹیم', 'ٹی ٹوئنٹی سیریز', 'بعد', 'سوشل میڈیا صارفین', 'قومی ٹیم', 'خراب کارکردگی', 'دلچسپ تبصرے']
2019-10-09 16:10:17	UrduPoint	سری لنکن کرکٹ ٹیم کے کوچ کا پنجاب سیف سٹیز اتھارٹی کا دورہ، سیکورٹی بارے بریفنگ دی گئی	ur	1	PakSrilanka	سری لنکن کرکٹ ٹیم کوچ پنجاب سیف سٹیز اتھارٹی دورہ سیکورٹی بریفنگ	8	['سری لنکن کرکٹ ٹیم', 'کوچ', 'پنجاب سیف سٹیز اتھارٹی', 'دورہ،', 'سیکورٹی بارے بریفنگ']
2019-10-09 17:01:44	UrduPoint	"سری لنکن ”ریلوکٹوں“ نے پاکستان کےخلاف ٹی ٹونٹی سیریز میں وائٹ واش مکمل کرلیا
گرین شرٹس148رنز کا ہدف حاصل کرنے میں ناکام،بلے بازوں کا ناقص کھیل"	ur	1	PakSrilanka	سری لنکن ریلوکٹوں پاکستان کےخلاف ٹی ٹونٹی سیریز وائٹ واش گرین شرٹسرنز ہدف ناکام بلے بازوں ناقص کھیل	8	['سری لنکن ”ریلوکٹوں“', 'پاکستان کےخلاف ٹی ٹونٹی سیریز', 'وائٹ واش', 'مکمل کرلیا گرین شرٹس148رنز', 'ہدف', 'ناکام،بلے بازوں', 'ناقص کھیل']
2019-10-10 07:04:03	UrduPoint	"سرفراز احمد کو قومی ٹیم کی کپتانی سے ہٹانے کیلئے قرارداد پنجاب اسمبلی میں جمع
سری لنکن ٹیم سے ٹی ٹونٹی سیریز میں وائٹ واش کی تحقیقات کرائی جائیں:متن"	ur	1	PakSrilanka	سرفراز احمد قومی ٹیم کپتانی ہٹانے کیلئے قرار داد پنجاب اسمبلی جمع سری لنکن ٹیم ٹی ٹونٹی سیریز وائٹ واش تحقیقات کرائی متن	8	['سرفراز احمد', 'قومی ٹیم', 'کپتانی', 'قرارداد', 'پنجاب اسمبلی', 'جمع سری لنکن ٹیم', 'ٹی ٹونٹی سیریز', 'وائٹ واش', 'تحقیقات', 'جائیں:متن']
2019-10-10 08:02:43	UrduPoint	"سری لنکن ٹیم کی سکیورٹی اہلکاروں کو خراج تحسین 
مہمان کھلاڑیوں نے سٹیڈیم میں سکیورٹی اہلکاروں کے ساتھ خصوصی تصاویر بنوائیں"	ur	1	PakSrilanka	سری لنکن ٹیم سکیورٹی اہلکاروں خراج تحسین مہم کھلاڑیوں سٹیڈیم سکیورٹی اہلکاروں خصوصی تصاویر بنوائیں	8	['سری لنکن ٹیم', 'سکیورٹی اہلکاروں', 'خراج تحسین مہمان کھلاڑیوں', 'سٹیڈیم', 'سکیورٹی اہلکاروں', 'ساتھ', 'خصوصی تصاویر']
2019-10-10 14:38:54	UrduPoint	"وزیر اعلیٰ پنجاب کا پاکستان میں کرکٹ سیریز کھیلنے پر سری لنکن ٹیم کے کھلاڑیوں اور مینجمنٹ سے اظہار تشکر

انٹرنیشنل کرکٹ کی بحالی خوش آئند‘امید ہے دیگر غیر ملکی ٹیمیں ... مزید"	ur	1	PakSrilanka	وزیر اعلی پنجاب پاکستان کرکٹ سیریز کھیلنے سری لنکن ٹیم کھلاڑیوں مینجمنٹ اظہار تشکر انٹرنیشنل کرکٹ بحالی خوش آئند امید دیگر ملکی ٹیمیں	8	['وزیر', 'اعلیٰ پنجاب', 'پاکستان', 'کرکٹ سیریز', 'سری لنکن ٹیم', 'کھلاڑیوں', 'مینجمنٹ', 'اظہار تشکر انٹرنیشنل کرکٹ', 'بحالی', 'خوش آئند‘امید', 'دیگر', 'غیر ملکی ٹیمیں ...']
2019-10-10 18:58:40	ExpressNews	سری لنکن ٹیم کے کوچ نے اُردو بول کر سب کو حیران کردیا	ur	1	PakSrilanka	سری لنکن ٹیم کوچ اردو بول حیران	8	['سری لنکن ٹیم', 'کوچ', 'اُردو']
2019-10-10 18:58:40	UrduPoint	سری لنکن ٹیم کے کوچ نے اُردو بول کر سب کو حیران کردیا	ur	1	PakSrilanka	سری لنکن ٹیم کوچ اردو بول حیران	8	['سری لنکن ٹیم', 'کوچ', 'اُردو']
2019-10-11 04:59:14	ExpressNews	محبتوں کے پھول سمیٹ کر سری لنکن ٹیم کی واپسی	ur	1	PakSrilanka	محبتوں پھول سمیٹ سری لنکن ٹیم واپسی	8	['محبتوں', 'پھول', 'سری لنکن ٹیم', 'واپسی']
2019-09-20 06:11:41	ExpressNews	ملک بھر میں ڈینگی سے متاثرہ مریضوں کی تعداد 3674 ہوگئی، محکمہ صحت	ur	1	DengueFever	ملک ڈینگی متاثرہ مریضوں تعداد محکمہ صحت	9	['ملک', 'ڈینگی', 'متاثرہ مریضوں', 'تعداد 3674 ہوگئی، محکمہ صحت']
2019-09-20 08:08:49	UrduPoint	راولپنڈی اسلام آباد میں ڈینگی کے بڑھتے ہوئے خطرات کے پیشِ نظر ریورگارڈن اوردیگر رہائشی آبادیوں میں انسدادِڈینگی سپرے	ur	1	DengueFever	راولپنڈی اسلام آباد ڈینگی بڑھتے خطرات پیش نظر ریورگارڈن اوردیگر رہائشی آبادیوں انسدادڈینگی سپرے	6	['راولپنڈی اسلام آباد', 'ڈینگی', 'خطرات', 'پیشِ نظر ریورگارڈن اوردیگر', 'رہائشی آبادیوں', 'انسدادِڈینگی سپرے']
2019-09-20 08:15:24	UrduPoint	"ریورگارڈن اوراردگرد کی رہائشی آبادیوں میں انسدادِ ڈینگی سپرے
رکنِ قومی اسمبلی، ڈپٹی کمشنراسلام آباد اورایڈیشنل ڈپٹی کمشنر کے خصوصی اقدامات"	ur	1	DengueFever	ریورگارڈن اوراردگرد رہائشی آبادیوں انسداد ڈینگی سپرے رکن قومی اسمبلی ڈپٹی کمشنراسلام آباد اورایڈیشنل ڈپٹی کمشنر خصوصی اقدامات	11	['ریورگارڈن اوراردگرد', 'رہائشی آبادیوں', 'انسدادِ ڈینگی سپرے رکنِ', 'قومی اسمبلی،', 'ڈپٹی کمشنراسلام آباد اورایڈیشنل', 'ڈپٹی کمشنر', 'خصوصی اقدامات']
2019-09-20 08:15:30	UrduPoint	ڈینگی کا خاتمہ ہمارا مشن ہے‘ڈپٹی کمشنر بہاولنگر	ur	1	DengueFever	ڈینگی خاتمہ مشن ڈپٹی کمشنر بہاولنگر	11	['ڈینگی', 'خاتمہ', 'مشن ہے‘ڈپٹی کمشنر بہاولنگر']
2019-09-20 08:19:11	UrduPoint	فیصل آباد روڈ پر ٹائر شاپس سے ڈینگی لاوا مل گیا‘ مالک دکان کے خلاف مقدمہ درج	ur	1	DengueFever	فیصل آباد روڈ ٹائر شاپس ڈینگی لاوا مالک دکان مقدمہ درج	6	['فیصل آباد روڈ', 'ٹائر شاپس', 'ڈینگی لاوا', 'گیا‘ مالک دکان', 'خلاف مقدمہ']
2019-09-20 08:25:15	UrduPoint	"راولپنڈی ،24 گھنٹوں میں مزید 127 شہری ڈینگی بخار میں مبتلا،مریضوں کی تعداد 2882 ہوگی
پمز کے آئسولیشن وارڈ میں ڈینگی کے 65 مریض داخل، دو بچے بھی شامل ، تین کی حالت تشویشناک ... مزید"	ur	1	DengueFever	راولپنڈی گھنٹوں شہری ڈینگی بخار مبتلا مریضوں تعداد ہوگی پمز آئسولیشن وارڈ ڈینگی مریض داخل بچے شامل تین حالت تشویشناک	10	['راولپنڈی', 'گھنٹوں', 'شہری ڈینگی بخار', 'مبتلا،مریضوں', 'تعداد', 'پمز', 'آئسولیشن وارڈ', 'ڈینگی', 'مریض داخل،', 'بچے', 'حالت', 'تشویشناک ...']
2019-09-20 10:25:13	UrduPoint	کنگ عبدالله ہسپتال میں ڈینگی کے مریضوں کیلئے 10 بیڈ پر مشتمل وارڈ قائم	ur	1	DengueFever	کنگ عبدالله ہسپتال ڈینگی مریضوں کیلئے بیڈ مشتمل وارڈ قائم	1	['کنگ عبدالله ہسپتال', 'ڈینگی', 'مریضوں', 'بیڈ', 'مشتمل وارڈ']
2019-09-20 10:30:26	UrduPoint	"راولپنڈی میں انسداد ڈینگی سرگرمیاں تیز تر کر دی گئیں
ڈینگی سے بچائو کیلئے گھر گھر جاکر عوامی آگاہی کے ساتھ سا تھ ہنگامی بنیادوں پر ان ڈور اور آئوٹ ڈور سرولنس بھی یقینی ... مزید"	ur	1	DengueFever	راولپنڈی انسداد ڈینگی سرگرمیاں تیز گئیں ڈینگی بچائو کیلئے گھر گھر عوامی آگاہی تھ ہنگامی بنیادوں ڈور آئوٹ ڈور سرولنس یقینی	2	['راولپنڈی', 'انسداد ڈینگی سرگرمیاں', 'ڈینگی', 'گھر گھر', 'عوامی آگاہی', 'ساتھ', 'سا تھ', 'ہنگامی بنیادوں', 'ڈور', 'آئوٹ ڈور سرولنس', 'یقینی ...']
2019-09-20 10:30:26	UrduPoint	ڈینگی سے بچائو کے لئے سب سے موثر طریقہ حفاظتی تدابیر پر عمل درآمد ہے ، ڈاکٹر اعجاز وہرا	ur	1	DengueFever	ڈینگی بچائو موثر طریقہ حفاظتی تدابیر عمل درآمد ڈاکٹر اعجاز وہرا	2	['ڈینگی', 'بچائو', 'لئے', 'موثر طریقہ', 'حفاظتی تدابیر', 'عمل', 'ڈاکٹر اعجاز وہرا']
2019-09-20 10:49:09	UrduPoint	مسلم لیگ (ن) کی ترجمان مریم اورنگزیب کا ڈینگی کے مریضوں کی تعداد میں اضافہ پر اظہار تشویش	ur	1	DengueFever	مسلم لیگ ن ترجمان مریم اورنگزیب ڈینگی مریضوں تعداد اضافہ اظہار تشویش	10	['مسلم لیگ (ن)', 'ترجمان مریم اورنگزیب', 'ڈینگی', 'مریضوں', 'تعداد', 'اضافہ', 'اظہار تشویش']
2019-09-20 11:36:59	Voice Of America	پاکستان میں ڈینگی سے 16 اموات، کیسز 9000 سے تجاوز	ur	1	DengueFever	پاکستان ڈینگی اموات کیسز تجاوز	2	['پاکستان', 'ڈینگی', 'اموات، کیسز', 'تجاوز']
2019-09-20 11:50:21	UrduPoint	ڈپٹی کمشنر جہلم محمد سیف انور جپہ کی زیر صدارت ڈینگی سے بچاؤ کے حوالے سے اہم اجلاس کا انعقاد	ur	1	DengueFever	ڈپٹی کمشنر جہلم محمد سیف انور جپہ زیر صدارت ڈینگی بچاؤ حوالے اہم اجلاس انعقاد	11	['ڈپٹی کمشنر جہلم محمد سیف انور جپہ', 'زیر صدارت ڈینگی', 'بچاؤ', 'حوالے', 'اہم اجلاس', 'انعقاد']
2019-09-20 11:53:20	UrduPoint	"سیکرٹری پرائمری اینڈ سیکنڈری ہیلتھ کیئر کیپٹن عثمان کا ہیڈ کوارٹر ہسپتال کا دورہ ، انتظامات کاجائزہ لیا 
سیکرٹری ہیلتھ نے ڈینگی کے مرض میں مبتلا مریضوں کی عیادت کی ،ہسپتال ... مزید"	ur	1	DengueFever	سیکرٹری پرائمری اینڈ سیکنڈری ہیلتھ کیئر کیپٹن عثمان ہیڈ کوارٹر ہسپتال دورہ انتظامات جائزہ سیکرٹری ہیلتھ ڈینگی مرض مبتلا مریضوں عیادت ہسپتال	1	['سیکرٹری پرائمری اینڈ سیکنڈری ہیلتھ کیئر کیپٹن عثمان', 'ہیڈ کوارٹر ہسپتال', 'دورہ', 'انتظامات', 'سیکرٹری ہیلتھ', 'ڈینگی', 'مرض', 'مبتلا مریضوں', 'عیادت', '،ہسپتال ...']
2019-09-20 12:38:03	UrduPoint	"ڈینگی مچھر ،سیکرٹری پرائمری اینڈ سکینڈری ہیلتھ کئیر کی غلط گھروں کی ہسٹری لینے پر سی او راولپنڈی کی سخت سرزنش 

وکیل کالونی اور راول ٹائون سے لاروا برآمد ہونے پر پورے ... مزید"	ur	1	DengueFever	ڈینگی مچھر سیکرٹری پرائمری اینڈ سکینڈری ہیلتھ کئیر غلط گھروں ہسٹری لینے او راولپنڈی سخت سرزنش وکیل کالونی راول ٹائون لاروا برآمد پورے	2	['ڈینگی مچھر ،سیکرٹری پرائمری اینڈ سکینڈری ہیلتھ کئیر', 'غلط گھروں', 'ہسٹری', 'سی او راولپنڈی', 'سخت سرزنش وکیل کالونی', 'راول ٹائون', 'لاروا برآمد', 'پورے ...']
2019-09-20 12:46:49	UrduPoint	پنجاب میں ڈینگی کے مزید 348کیسز، تعداد 2 ہزار سے تجاوز کرگئی	ur	1	DengueFever	پنجاب ڈینگی کیسز تعداد ہزار تجاوز کرگئی	10	['پنجاب', 'ڈینگی', 'مزید 348کیسز، تعداد', 'تجاوز']
2019-09-20 12:46:49	UrduPoint	"عوام ڈینگی مہم پر مامور ٹیموں کے ساتھ تعاون کریں‘ڈاکٹر شاہد صد یق

اپوز یشن انسا نی صحت کے معا ملے پر سیا ست کر نے سے بازآ جائے‘رہنما تحریک انصاف"	ur	1	DengueFever	عوام ڈینگی مہم مامور ٹیموں تعاون ڈاکٹر شاہد صد یق اپوز یشن انسا نی صحت معا ملے سیا ست بازآ رہنما تحریک انصاف	9	['عوام ڈینگی مہم', 'مامور ٹیموں', 'ساتھ تعاون کریں‘ڈاکٹر شاہد صد یق اپوز یشن انسا نی صحت', 'معا', 'ست', 'بازآ جائے‘رہنما تحریک انصاف']
2019-09-20 13:46:35	UrduPoint	سندھ میں رواں برس کانگو سے 18،نگلیریا سے 13،ڈینگی سے 8 افراد جان کی بازی ہار چکے ہیں،ڈاکٹر عمران شاہ	ur	1	DengueFever	سندھ رواں برس کانگو نگلیریا ڈینگی افراد جان بازی ہار چکے ڈاکٹر عمران شاہ	6	['سندھ', 'رواں برس کانگو', '18،نگلیریا', '13،ڈینگی', 'افراد جان', 'بازی', 'ہیں،ڈاکٹر عمران شاہ']
2019-09-20 13:59:49	UrduPoint	سندھ میں رواں برس کانگو سے 18، نگلیریا سے 13، ڈینگی سے 8 افراد جان کی بازی ہار چکے ہیں، ڈاکٹر عمران شاہ	ur	1	DengueFever	سندھ رواں برس کانگو نگلیریا ڈینگی افراد جان بازی ہار چکے ڈاکٹر عمران شاہ	6	['سندھ', 'رواں برس کانگو', '18، نگلیریا', '13، ڈینگی', 'افراد جان', 'بازی', 'ہیں، ڈاکٹر عمران شاہ']
2019-09-20 14:00:52	UrduPoint	حکومت پنجاب ڈینگی کی روک تھام کے لیے بھر پر اقدامات کر رہی ہے،سردارعبدالحئی دستی	ur	1	DengueFever	حکومت پنجاب ڈینگی روک تھام اقدامات سردارعبدالحئی دستی	2	['حکومت پنجاب ڈینگی', 'روک تھام', 'اقدامات', 'ہے،سردارعبدالحئی']
2019-09-20 14:00:54	UrduPoint	ڈینگی لاروا برآمد ہونے پر دوسرا نوٹس جاری ہونے کی صورت میں ادارے کے سربراہ کو گرفتا رکرنے کا فیصلہ	ur	1	DengueFever	ڈینگی لاروا برآمد نوٹس جاری ادارے سربراہ گرفتا رکرنے فیصلہ	5	['ڈینگی لاروا برآمد', 'نوٹس', 'صورت', 'ادارے', 'سربراہ', 'فیصلہ']
2019-09-20 14:08:06	UrduPoint	اسلام آباد انتظامیہ صحت فائونڈیشن کے تعاون سے کل گائوں جنڈیالہ میں مفت ڈینگی آگاہی میڈیکل کیمپ منعقد کرے گی	ur	1	DengueFever	اسلام آباد انتظامیہ صحت فائونڈیشن تعاون کل گائوں جنڈیالہ مفت ڈینگی آگاہی میڈیکل کیمپ منعقد	6	['اسلام آباد انتظامیہ صحت فائونڈیشن', 'تعاون', 'گائوں جنڈیالہ', 'مفت ڈینگی آگاہی میڈیکل کیمپ']
2019-09-20 14:09:47	NawaeWaqt	ڈینگی سے بچاؤ مہم میں ہر شہری حصہ لے ، شہباز شاہین	ur	1	DengueFever	ڈینگی بچاؤ مہم شہری شہباز شاہین	2	['ڈینگی', 'بچاؤ مہم', 'شہری حصہ', 'شہباز شاہین']
2019-09-20 14:09:47	UrduPoint	ڈینگی سے بچاؤ مہم میں ہر شہری حصہ لے ، شہباز شاہین	ur	1	DengueFever	ڈینگی بچاؤ مہم شہری شہباز شاہین	2	['ڈینگی', 'بچاؤ مہم', 'شہری حصہ', 'شہباز شاہین']
2019-09-20 14:13:04	UrduPoint	ڈپٹی کمشنر عرفان علی کاٹھیا کی زیر صدارت انسداد ڈینگی کے حوالے سے اہم اجلاس کا انعقاد	ur	1	DengueFever	ڈپٹی کمشنر عرفان علی کاٹھیا زیر صدارت انسداد ڈینگی حوالے اہم اجلاس انعقاد	12	['ڈپٹی کمشنر عرفان علی کاٹھیا', 'زیر صدارت انسداد ڈینگی', 'حوالے', 'اہم اجلاس', 'انعقاد']
2019-09-20 14:23:00	UrduPoint	"ضلعی انتظامیہ نے کالجوں سکولوں اور یونیورسٹیوں میں ڈینگی کی آگاہی دینے کیلئے پرگرامز اور سیمینار کو جاری رکھے ہوئے ہے ‘صالحہ سعید 

طالبات اپنے گھروںمیں صفائی ستھرائی ... مزید"	ur	1	DengueFever	ضلعی انتظامیہ کالجوں سکولوں یونیورسٹیوں ڈینگی آگاہی کیلئے پرگرامز سیمینار جاری صالحہ سعید طالبات گھروںمیں صفائی ستھرائی	5	['ضلعی انتظامیہ', 'کالجوں سکولوں', 'یونیورسٹیوں', 'ڈینگی', 'آگاہی', 'پرگرامز', 'سیمینار', '‘صالحہ', 'سعید طالبات', 'گھروںمیں صفائی', 'ستھرائی ...']
2019-09-20 14:28:16	UrduPoint	ضلعی انتظامیہ لاہو ر نے انسداد ڈینگی کی گزشتہ روز کی رپورٹ جاری کردی	ur	1	DengueFever	ضلعی انتظامیہ لاہو ر انسداد ڈینگی روز رپورٹ جاری	5	['ضلعی انتظامیہ لاہو ر', 'انسداد ڈینگی', 'گزشتہ روز', 'رپورٹ', 'جاری کردی']
2019-09-20 14:57:04	UrduPoint	پنجاب میں ڈینگی کے مزید 348 کیسز، تعداد 2 ہزار سے تجاوز کرگئی	ur	1	DengueFever	پنجاب ڈینگی کیسز تعداد ہزار تجاوز کرگئی	10	['پنجاب', 'ڈینگی', 'مزید 348', 'کیسز، تعداد', 'تجاوز']
2019-09-20 15:36:08	UrduPoint	"الپوری:شانگلہ میں ڈینگی بے قابو ہوگیا
مریضوں میں مسلسل اضافے سے عوام میں تشویش۔محکمہ صحت وباء کی روک تھام میں ناکام 

 بشام سے مزید14افراد میں ڈینگی وائرس کی تصدیق ہو ... مزید"	ur	1	DengueFever	الپوری شانگلہ ڈینگی قابو مریضوں مسلسل اضافے عوام تشویش محکمہ صحت وباء روک تھام ناکام بشام مزیدافراد ڈینگی وائرس تصدیق	9	['الپوری:شانگلہ', 'ڈینگی بے قابو ہوگیا مریضوں', 'مسلسل اضافے', 'عوام', 'تشویش۔محکمہ صحت وباء', 'روک تھام', 'ناکام بشام', 'مزید14افراد', 'ڈینگی وائرس', 'تصدیق', '...']
2019-09-20 15:53:37	UrduPoint	ساہیوال: ڈینگی کے وائرس کے سبب متاثرہ مزید چار افرادڈسٹر کٹ ھیڈ کوارٹر ہسپتال ساہیوال ڈینگی وارڈ دا خل	ur	1	DengueFever	ساہیوال ڈینگی وائرس سبب متاثرہ چار افرادڈسٹر کٹ ھیڈ کوارٹر ہسپتال ساہیوال ڈینگی وارڈ دا خل	9	['ساہیوال: ڈینگی', 'وائرس', 'سبب', 'افرادڈسٹر کٹ ھیڈ کوارٹر ہسپتال ساہیوال ڈینگی وارڈ دا خل']
2019-09-20 18:56:53	UrduPoint	"پنجاب حکومت نے ڈینگی کے تمام ٹیسٹ فری کر دئیے
ڈینگی کے تمام ٹیسٹ اور تمام علاج مفت ہوگا ‘ سیکرٹری صحت کیپٹن (ر) محمد عثمان"	ur	1	DengueFever	پنجاب حکومت ڈینگی ٹیسٹ فری دئیے ڈینگی ٹیسٹ علاج مفت سیکرٹری صحت کیپٹن ر محمد عثمان	9	['پنجاب حکومت', 'ڈینگی', 'ٹیسٹ فری', 'ڈینگی', 'ٹیسٹ', 'علاج', '‘ سیکرٹری صحت کیپٹن (ر) محمد عثمان']
2019-09-20 20:00:23	UrduPoint	ڈائریکٹرجنرل ہیلتھ سروسز ڈاکٹر کمالان گچکی کی زیرصدارت لسبیلا و دیگر اضلاع میں ڈینگی وائرس سے پیدا ہونے والی صورتحال اس کے سدباب اور حفاظتی اقدامات کے پیش رفت کے حوالے ... مزید	ur	1	DengueFever	ڈائریکٹرجنرل ہیلتھ سروسز ڈاکٹر کمالان گچکی زیر صدارت لسبیلا و دیگر اضلاع ڈینگی وائرس پیدا حال سدباب حفاظتی اقدامات پیش رفت حوالے	12	['ڈائریکٹرجنرل ہیلتھ سروسز ڈاکٹر کمالان گچکی', 'زیرصدارت لسبیلا', 'دیگر اضلاع', 'ڈینگی وائرس', 'پیدا', 'صورتحال', 'سدباب', 'حفاظتی اقدامات', 'پیش رفت', 'حوالے ...']
2019-09-21 04:56:12	ExpressNews	ڈینگی2011۔۔۔25 ہزار اموات کا سن کر ۔۔۔	ur	1	DengueFever	ڈینگی ہزار اموات سن	10	['ڈینگی2011۔۔۔25', 'اموات', '۔۔۔']
2019-09-21 08:19:29	UrduPoint	ضلعی انتظامیہ نے ڈینگی سے بچائومہم کاآغازکردیا	ur	1	DengueFever	ضلعی انتظامیہ ڈینگی بچائومہم کاآغازکر	5	['ضلعی انتظامیہ', 'ڈینگی', 'بچائومہم کاآغازکردیا']
2019-09-21 08:49:14	UrduPoint	وزیر اعظم کے معاون خصوصی برائے صحت ڈاکٹر ظفر مرزا کا راولپنڈی و اسلام آباد میں ڈینگی وائرس پھیلنے کے پیش نظر سرکاری اور نجی ہسپتالوں کو صحت سہولت پروگرام کے پینل میں ... مزید	ur	1	DengueFever	وزیر اعظم معاون خصوصی برائے صحت ڈاکٹر ظفر مرزا راولپنڈی و اسلام آباد ڈینگی وائرس پھیلنے پیش نظر سرکاری نجی ہسپتالوں صحت سہولت پروگرام پینل	9	['وزیر اعظم', 'معاون', 'خصوصی برائے صحت ڈاکٹر ظفر مرزا', 'راولپنڈی', 'اسلام آباد', 'ڈینگی وائرس', 'پیش نظر', 'نجی ہسپتالوں', 'صحت سہولت پروگرام', 'پینل', '...']
2019-09-22 16:31:09	UrduPoint	,راولپنڈی:ڈینگی مریضوں کی فوری تشخیص اور علاج کے لئے راولپنڈی کے علاقے کوٹھہ کلاں مورگاہ میں پہلے فلٹر کلینک کا افتتاح کر دیا	ur	1	DengueFever	راولپنڈی ڈینگی مریضوں فوری تشخیص علاج راولپنڈی علاقے کوٹھہ کلاں مورگاہ فلٹر کلینک افتتاح	10	[',راولپنڈی:ڈینگی مریضوں', 'فوری تشخیص', 'علاج', 'لئے راولپنڈی', 'علاقے', 'کوٹھہ کلاں مورگاہ', 'پہلے فلٹر کلینک', 'افتتاح']
2019-09-22 16:31:12	UrduPoint	"ق*ڈینگی پر قابو پانے کیلئے سائنسی و روایتی طریقہ کار اختیار کیا جائے ،نسیم صادق
K اگر کسی علاقے میں ڈینگی مریض رپورٹ ہو تو وہاں پر ڈینگی سے متعلقہ تمام معلومات جمع کی جائیں، ... مزید"	ur	1	DengueFever	ق ڈینگی قابو پانے کیلئے سائنسی و روایتی طریقہ کار اختیار نسیم صادق علاقے ڈینگی مریض رپورٹ ڈینگی متعلقہ معلومات جمع	2	['ق*ڈینگی', 'قابو', 'روایتی طریقہ کار اختیار', '،نسیم صادق K', 'علاقے', 'ڈینگی مریض رپورٹ', 'ڈینگی', 'معلومات جمع', 'جائیں، ...']
2019-09-22 17:35:13	UrduPoint	پیپلزپارٹی سندھ کے رہنمائوں کا پنجاب اور خیبرپختوانخواہ میں ڈینگی کی بگڑتی صورتحال پر تشویش کااظہار	ur	1	DengueFever	پیپلزپارٹی سندھ رہنمائوں پنجاب خیبرپختو انخواہ ڈینگی بگڑتی حال تشویش کااظہار	12	['پیپلزپارٹی سندھ', 'رہنمائوں', 'پنجاب', 'خیبرپختوانخواہ', 'ڈینگی', 'بگڑتی صورتحال', 'تشویش کااظہار']
2019-09-22 18:00:28	UrduPoint	بلوچستان میں ڈینگی کے مرض کے تدارک کیلئے اقدامات کئے گئے ہیں، متاثرہ علاقوں کیلئے ٹیمیں تشکیل دی جاچکی ہے ،وزیر صحت میر نصیب اللہ مری	ur	1	DengueFever	بلوچستان ڈینگی مرض تدارک کیلئے اقدامات متاثرہ علاقوں کیلئے ٹیمیں تشکیل جاچکی وزیر صحت میر نصیب اللہ مری	9	['بلوچستان', 'ڈینگی', 'مرض', 'تدارک', 'اقدامات', 'ہیں،', 'متاثرہ علاقوں', 'ٹیمیں تشکیل', '،وزیر صحت', 'میر نصیب اللہ مری']
2019-09-22 18:10:22	UrduPoint	ڈپٹی کمشنر حیدرآباد کی متعلقہ افسران کو شہر میں صفائی ستھرائی کے موثر انتظامات اور ملیریا اور ڈینگی سے بچاؤ کے اسپرے کرانے کی ہدایت	ur	1	DengueFever	ڈپٹی کمشنر حیدرآباد متعلقہ افسران شہر صفائی ستھرائی موثر انتظامات ملیریا ڈینگی بچاؤ اسپرے انے ہدایت	11	['ڈپٹی کمشنر حیدرآباد', 'متعلقہ افسران', 'شہر', 'صفائی ستھرائی', 'موثر انتظامات', 'ڈینگی', 'بچاؤ', 'اسپرے', 'ہدایت']
2019-09-23 07:45:38	ExpressNews	پنجاب کے بعد خیبرپختونخوا میں بھی ڈینگی بے قابو	ur	1	DengueFever	پنجاب خیبر پختونخوا ڈینگی قابو	10	['پنجاب', 'بعد خیبرپختونخوا', 'ڈینگی بے قابو']
2019-09-23 09:00:22	UrduPoint	سیکنڈری بورڈ سرگودھا میں’’ ڈینگی کے خاتمہ مہم ‘‘کے حوالے سے تقریب کا انعقاد	ur	1	DengueFever	سیکنڈری بورڈ سرگودھا ڈینگی خاتمہ مہم حوالے تقریب انعقاد	2	['سیکنڈری بورڈ سرگودھا میں’’ ڈینگی', 'خاتمہ مہم', '‘‘کے حوالے', 'تقریب', 'انعقاد']
2019-09-23 09:25:14	UrduPoint	"راولپنڈی اور اسلام آباد میں ڈینگی مریضوں کی تعداد چار ہزار سے تجاوز کر گئی
شہریوں کیساتھ ضلعی انتظامیہ بھی خوف زدہ ،بیڈز کم، عملہ غائب اور ادویات کی قلت ،سرکاری ہسپتالوں ... مزید"	ur	1	DengueFever	راولپنڈی اسلام آباد ڈینگی مریضوں تعداد چار ہزار تجاوز شہریوں کیساتھ ضلعی انتظامیہ خوف زدہ بیڈز عملہ غائب ادویات قلت سرکاری ہسپتالوں	10	['راولپنڈی', 'اسلام آباد', 'ڈینگی مریضوں', 'تعداد', 'تجاوز', 'شہریوں کیساتھ', 'ضلعی انتظامیہ', 'خوف', 'زدہ ،بیڈز', 'کم، عملہ', 'ادویات', 'قلت', '،سرکاری ہسپتالوں ...']
2019-09-23 09:40:29	UrduPoint	خانیوال، تعلیمی اداروں میں ڈینگی مچھر سے بچاؤ اوراحتیاطی تدابیر بارے آگاہی کیلئے زیرو پیریڈز کا آغاز	ur	1	DengueFever	خانیوال تعلیمی اداروں ڈینگی مچھر بچاؤ اوراحتیاطی تدابیر آگاہی کیلئے زیرو پیریڈز آغاز	2	['خانیوال،', 'تعلیمی اداروں', 'ڈینگی مچھر', 'بچاؤ', 'اوراحتیاطی تدابیر بارے', 'آگاہی کیلئے زیرو پیریڈز', 'آغاز']
2019-09-23 09:55:14	UrduPoint	خانیوال، جب تک ہر فرد اپنا کردار ادا نہیں کرتا اس وقت تک ڈینگی کا مکمل خاتمہ ممکن نہیں، ڈپٹی کمشنر	ur	1	DengueFever	خانیوال فرد کردار ادا وقت ڈینگی خاتمہ ممکن ڈپٹی کمشنر	11	['خانیوال،', 'فرد', 'کردار ادا', 'وقت', 'ڈینگی', 'مکمل خاتمہ', 'ممکن نہیں،', 'ڈپٹی کمشنر']
2019-09-23 10:10:20	UrduPoint	"ڈینگی کے خلاف مہم کے لئے ایمرجنسی نافذ کی جانی چاہئے
شہباز شریف کو ڈینگی برادران کہا گیا لیکن انہوں نے اس پر قابو پا کر دکھایا ‘بابا محمد اسحاق"	ur	1	DengueFever	ڈینگی مہم ایمرجنسی نافذ شہباز شریف ڈینگی برادران قابو پا دکھایا بابا محمد اسحاق	2	['ڈینگی', 'خلاف مہم', 'لئے ایمرجنسی', 'شہباز', 'ڈینگی برادران', 'قابو', '‘بابا محمد اسحاق']
2019-09-23 10:25:16	UrduPoint	فیصل آباد ڈویژن میں ڈینگی سے بچائو کیلئے فول پروف انتظامات یقینی بنائے گئے ہیں،احتیاطی ، حفاظتی ، تدارکی اقدامات کے تحت انسدادی صورتحال تسلی بخش ہے، ڈویژنل کمشنر محمود ... مزید	ur	1	DengueFever	فیصل آباد ڈویژن ڈینگی بچائو کیلئے فول پروف انتظامات یقینی بنائے احتیاطی حفاظتی تدارکی اقدامات انسدادی حال تسلی بخش ڈویژنل کمشنر محمود	12	['فیصل آباد ڈویژن', 'ڈینگی', 'بچائو کیلئے فول', 'پروف انتظامات', 'ہیں،احتیاطی', 'تدارکی اقدامات', 'تحت', 'انسدادی صورتحال تسلی', 'بخش ہے، ڈویژنل کمشنر محمود ...']
2019-09-23 10:25:32	UrduPoint	"جہلم: انسداد ڈینگی کے سلسلہ میں ڈپٹی کمشنر کی زیر صدارت پرائیویٹ اسکول ایسوسی ایشن کے ساتھ اعلیٰ سطحی اجلاس
ڈپٹی کمشنر محمد سیف انور جپہ نے محکمہ تعلیم کے افسران کو تمام ... مزید"	ur	1	DengueFever	جہلم انسداد ڈینگی سلسلہ ڈپٹی کمشنر زیر صدارت پرائیویٹ کول ایسوسی ایشن اعلی سطحی اجلاس ڈپٹی کمشنر محمد سیف انور جپہ محکمہ تعلیم افسران	11	['جہلم: انسداد ڈینگی', 'سلسلہ', 'ڈپٹی کمشنر', 'زیر صدارت', 'پرائیویٹ اسکول ایسوسی ایشن', 'ساتھ اعلیٰ', 'سطحی اجلاس', 'ڈپٹی کمشنر محمد سیف انور جپہ', 'محکمہ تعلیم', 'افسران', '...']
2019-09-23 10:30:22	UrduPoint	"ضلع کوٹلی میں ڈینگی کا کوئی مریض فوت نہیں ہوا ‘ڈسٹرکٹ ہیلتھ آفیسر کوٹلی
محکمہ صحت عامہ ڈینگی سے بچائو کے لئے حفاظتی تدابیر کے حوالے سے عوام میں شعور بیدار کرنے کی غرض ... مزید"	ur	1	DengueFever	ضلع کوٹلی ڈینگی مریض فوت ڈسٹرکٹ ہیلتھ آفیسر کوٹلی محکمہ صحت عامہ ڈینگی بچائو حفاظتی تدابیر حوالے عوام شعور بیدار غرض	9	['ضلع کوٹلی', 'ڈینگی', 'مریض', '‘ڈسٹرکٹ ہیلتھ آفیسر کوٹلی محکمہ صحت عامہ ڈینگی', 'بچائو', 'لئے', 'حفاظتی تدابیر', 'حوالے', 'عوام', 'شعور', 'غرض ...']
2019-09-23 11:21:56	UrduPoint	"وہاڑی:ڈپٹی کمشنر عرفان علی کاٹھیا کا ڈی ایچ کیو ہسپتال وہاڑی کادورہ
ہسپتال میں ڈینگی کے مریضوں کی عیادت اور ادویات کے بارے میں دریافت کیا"	ur	1	DengueFever	وہاڑی ڈپٹی کمشنر عرفان علی کاٹھیا ڈی ایچ کیو ہسپتال وہاڑی دورہ ہسپتال ڈینگی مریضوں عیادت ادویات دریافت	1	['وہاڑی:ڈپٹی کمشنر عرفان علی کاٹھیا', 'ڈی ایچ کیو ہسپتال وہاڑی کادورہ ہسپتال', 'ڈینگی', 'مریضوں', 'عیادت', 'ادویات', 'بارے', 'دریافت']
2019-09-23 11:30:23	UrduPoint	گذشتہ 48 گھنٹوں کے دوران ڈینگی کے مریضوں کی تعداد میں اضافہ ، پنجاب میں 17 فیصد مریضوں کا تعلق خطہ پوٹھوہار سے ہے، وزارت نیشنل ہیلتھ سروسز	ur	1	DengueFever	گذشتہ گھنٹوں ڈینگی مریضوں تعداد اضافہ پنجاب فیصد مریضوں تعلق خطہ پوٹھوہار وزارت نیشنل ہیلتھ سروسز	10	['گھنٹوں', 'دوران ڈینگی', 'مریضوں', 'تعداد', 'اضافہ', 'پنجاب', 'فیصد مریضوں', 'تعلق خطہ پوٹھوہار', 'ہے، وزارت نیشنل ہیلتھ سروسز']
2019-09-23 11:50:20	UrduPoint	خانیوال ۔جب تک ہر فرد اپنا کردار ادا نہیں کرتا اس وقت تک ڈینگی کا مکمل خاتمہ ممکن نہیں،ڈپٹی کمشنرخانیوال	ur	1	DengueFever	خانیوال فرد کردار ادا وقت ڈینگی خاتمہ ممکن ڈپٹی کمشنرخانیوال	11	['خانیوال ۔جب', 'فرد', 'کردار ادا', 'وقت', 'ڈینگی', 'مکمل خاتمہ', 'ممکن نہیں،ڈپٹی کمشنرخانیوال']
2019-09-23 11:50:20	UrduPoint	خانیوال ۔ضلع خانیوال میں ڈینگی کا کوئی مریض سامنے نہیں آیا، سی ای او ہیلتھ خانیوال	ur	1	DengueFever	خانیوال ضلع خانیوال ڈینگی مریض آیا ای او ہیلتھ خانیوال	2	['خانیوال ۔ضلع خانیوال', 'ڈینگی', 'مریض سامنے', 'آیا،', 'سی ای او ہیلتھ خانیوال']
2019-09-23 12:00:30	UrduPoint	"وہاڑی: احتیاطی تدابیر اختیار کر کے کافی حد تک مچھر کے لاروے کی افزائش کو روکا جا سکتا ہے:ڈپٹی کمشنر عرفان علی کاٹھیا
انسداد ِ ڈینگی کے حوالے سے ڈپٹی کمشنر آفس میں خصوصی ... مزید"	ur	1	DengueFever	وہاڑی احتیاطی تدابیر اختیار فی حد مچھر لاروے افزائش روکا ڈپٹی کمشنر عرفان علی کاٹھیا انسداد ڈینگی حوالے ڈپٹی کمشنر آفس خصوصی	11	['وہاڑی:', 'احتیاطی تدابیر اختیار', 'حد', 'مچھر', 'لاروے', 'افزائش', 'ہے:ڈپٹی کمشنر عرفان علی کاٹھیا انسداد', 'ڈینگی', 'حوالے', 'ڈپٹی کمشنر آفس', 'خصوصی ...']
2019-09-23 12:47:49	UrduPoint	پنجاب کے بعد خیبرپختونخوا میں بھی ڈینگی بے قابو ہوگیا،ہسپتالوں میں ڈینگی مریضوں کی تعداد 500 ہوگئی	ur	1	DengueFever	پنجاب خیبر پختونخوا ڈینگی قابو ہسپتالوں ڈینگی مریضوں تعداد	10	['پنجاب', 'بعد خیبرپختونخوا', 'ڈینگی بے قابو ہوگیا،ہسپتالوں', 'ڈینگی مریضوں', 'تعداد']
2019-09-23 12:52:03	UrduPoint	ساہیوال کو ڈینگی فری بنانے کے لئے سخت اقدامات شروع کر دیئے گئے ہیں،ڈپٹی کمشنرساہیوال محمدزمان وٹو	ur	1	DengueFever	ساہیوال ڈینگی فری بنانے سخت اقدامات شروع ڈپٹی کمشنرساہیوال محمدزمان وٹو	11	['ساہیوال', 'ڈینگی فری', 'لئے', 'سخت اقدامات شروع', 'ہیں،ڈپٹی کمشنرساہیوال محمدزمان وٹو']
2019-09-23 13:46:08	UrduPoint	"ن)لیگ کے وفد کا ڈینگی کے حوالے سے میو ہسپتال کا دورہ ،

مریضوں کی عیادت کی اور سہولیات کاجائزہ لیا 
پنجاب میں ڈینگی وائرس کے ذمہ داروزیر اعلیٰ اور وزیر صحت ہیں،وزیر صحت ... مزید"	ur	1	DengueFever	ن لیگ وفد ڈینگی حوالے میو ہسپتال دورہ مریضوں عیادت سہولیات جائزہ پنجاب ڈینگی وائرس ذمہ داروزیر اعلی وزیر صحت وزیر صحت	9	['ن)لیگ', 'وفد', 'ڈینگی', 'حوالے', 'میو ہسپتال', 'دورہ', 'مریضوں', 'عیادت', 'سہولیات', 'پنجاب', 'ڈینگی وائرس', 'ذمہ', 'داروزیر اعلیٰ', 'وزیر صحت', 'ہیں،وزیر صحت ...']
2019-09-23 13:49:02	UrduPoint	"ضلع بھر میں ڈینگی مکمل طور پر کنٹرول میں ہے،ڈاکٹر عبدالستار 

محکمہ صحت کے اہلکاراپنے اپنے علاقوں میں ڈینگی مہم کی آگاہی کے لیے اپنا اپنا کردار ادا کریں ، ڈسٹرکٹ ہیلتھ ... مزید"	ur	1	DengueFever	ضلع ڈینگی کنٹرول ڈاکٹر عبدالستار محکمہ صحت اہلکاراپنے علاقوں ڈینگی مہم آگاہی کردار ادا ڈسٹرکٹ ہیلتھ	9	['ضلع', 'ڈینگی', 'مکمل طور', 'کنٹرول', 'ہے،ڈاکٹر', 'عبدالستار محکمہ صحت', 'علاقوں', 'ڈینگی مہم', 'آگاہی', 'کردار ادا', 'ڈسٹرکٹ ہیلتھ ...']
2019-09-23 13:49:02	UrduPoint	اسلام آباد ضلعی انتظامیہ کی انسداد ڈینگی و انسداد گندگی مہم ، خلاف ورزی کے مرتکب ایک سروس سٹیشن کو سیل کر دیا گیا، چار افراد کے خلاف مقدمات درج	ur	1	DengueFever	اسلام آباد ضلعی انتظامیہ انسداد ڈینگی و انسداد گندگی مہم ورزی مرتکب سروس سٹیشن سیل چار افراد مقدمات درج	6	['اسلام آباد', 'ضلعی انتظامیہ', 'انسداد ڈینگی', 'انسداد گندگی مہم', 'خلاف ورزی', 'سروس سٹیشن', 'سیل', 'گیا،', 'افراد', 'خلاف مقدمات']
2019-09-23 13:49:02	UrduPoint	"محکمہ صحت ڈینگی وائرس کو کنٹرول کرنے کیلئے تمام تر وسائل بروئے کار لائے ،راجہ محمد فاروق حیدر

آزادکشمیر میں ڈینگی وائرس کو کنٹرول کرنے کے لیے تمام ادارے محکمہ صحت کے ... مزید"	ur	1	DengueFever	محکمہ صحت ڈینگی وائرس کنٹرول کیلئے وسائل بروئے کار راجہ محمد فاروق حیدر آزادکشمیر ڈینگی وائرس کنٹرول ادارے محکمہ صحت	9	['محکمہ صحت ڈینگی وائرس', 'کنٹرول', 'وسائل', 'کار', '،راجہ محمد فاروق حیدر آزادکشمیر', 'ڈینگی وائرس', 'کنٹرول', 'ادارے محکمہ صحت', '...']
2019-09-23 13:50:48	UrduPoint	ڈینگی لاروا کی سرویلنس کے آ ڈ ٹ کے لئے چاررکنی تھرڈ پارٹی تشکیل دیدی گئی	ur	1	DengueFever	ڈینگی لاروا سرویلنس آ ڈ ٹ چاررکنی تھرڈ پارٹی تشکیل دیدی	2	['ڈینگی لاروا', 'سرویلنس', 'آ ڈ ٹ', 'لئے', 'چاررکنی تھرڈ پارٹی تشکیل']
2019-09-23 14:01:22	UrduPoint	جھنگ ، محکمہ سوشل ویلفیئر و بیت الما ل کے زیر اہتمام انسداد ڈینگی سیمینار	ur	1	DengueFever	جھنگ محکمہ سوشل ویلفیئر و بیت الما ل زیر اہتمام انسداد ڈینگی سیمینار	2	['جھنگ', 'محکمہ', 'سوشل ویلفیئر', 'بیت الما ل', 'زیر اہتمام انسداد ڈینگی سیمینار']
2019-09-23 14:01:22	UrduPoint	"نرسیں ڈینگی بخار میں مبتلا مریضوں کی رہنمائی اور اُن کا حوصلہ بڑھائیں ‘ڈی جی نرسنگ 

کسی نرس نے مریض یا اس کے لواحقین کے ساتھ اچھا رویہ اختیار نہ کیا تو قانون کے مطابق ... مزید"	ur	1	DengueFever	نرسیں ڈینگی بخار مبتلا مریضوں رہنمائی حوصلہ بڑھائیں ڈی جی نرسنگ نرس مریض لواحقین اچھا رویہ اختیار قانون	1	['نرسیں ڈینگی بخار', 'مبتلا مریضوں', 'رہنمائی', 'حوصلہ', '‘ڈی جی نرسنگ', 'نرس', 'مریض', 'لواحقین', 'ساتھ', 'اچھا رویہ اختیار', 'قانون', 'مطابق ...']
2019-09-23 14:01:22	UrduPoint	ڈی سی لاہور اصغر جوئیہ کاکوئینز روڈ کا دورہ ،انسدادِ ڈینگی میں ٹیموں کی کارکردگی کو چیک کیا	ur	1	DengueFever	ڈی لاہور اصغر جوئیہ کوئینز روڈ دورہ انسداد ڈینگی ٹیموں کار کردگی چیک	1	['ڈی', 'سی لاہور اصغر جوئیہ کاکوئینز روڈ', 'دورہ ،انسدادِ ڈینگی', 'ٹیموں', 'کارکردگی', 'چیک']
2019-09-23 14:01:22	UrduPoint	"ضلعی انتظامیہ کی جانب سے شہر میں انسداد ڈینگی مہم بھرپور طریقے سے جاری ہے ‘اصغر جوئیہ 

افسران ڈینگی ٹیموں کی کارکردگی کوچیک کر رہے ہیںجہاں سے ڈینگی لارا مل رہا ہے مقدمات ... مزید"	ur	1	DengueFever	ضلعی انتظامیہ جانب شہر انسداد ڈینگی مہم بھرپور طریقے جاری اصغر جوئیہ افسران ڈینگی ٹیموں کار کردگی کوچیک ہیںجہاں ڈینگی لارا مقدمات	5	['ضلعی انتظامیہ', 'جانب', 'شہر', 'انسداد ڈینگی مہم', 'بھرپور طریقے', '‘اصغر جوئیہ افسران ڈینگی ٹیموں', 'کارکردگی', 'ہیںجہاں', 'ڈینگی لارا', 'مقدمات ...']
2019-09-23 14:09:08	UrduPoint	لالہ موسیٰ، شہریوں میں ڈینگی بارے شعور اجاگر کرنے پر بھرپورتو جہ دی جائے، ڈپٹی کمشنر	ur	1	DengueFever	لالہ موسی شہریوں ڈینگی شعور اجاگر بھرپورتو جہ ڈپٹی کمشنر	11	['لالہ', 'موسیٰ، شہریوں', 'ڈینگی بارے شعور', 'بھرپورتو جہ دی جائے،', 'ڈپٹی کمشنر']
2019-09-23 14:46:33	UrduPoint	"وزیر اعلیٰ وزیر صحت پنجاب عوام کے جان و مال کے تحفظ میں ناکامی پر مستعفی ہوں ‘پرویز ملک

پنجاب کے عوام ڈینگی اور پولیو کی وجہ سے شدید تکلیف اوراذیت میں ہیں، میڈیسن بھی ... مزید"	ur	1	DengueFever	وزیر اعلی وزیر صحت پنجاب عوام جان و مال تحفظ ناکامی مستعفی پرویز ملک پنجاب عوام ڈینگی پولیو شدید تکلیف اوراذیت میڈیسن	9	['وزیر', 'اعلیٰ وزیر صحت', 'پنجاب عوام', 'جان', 'مال', 'تحفظ', 'ناکامی', '‘پرویز ملک پنجاب', 'عوام ڈینگی', 'پولیو', 'وجہ', 'شدید تکلیف اوراذیت', 'ہیں، میڈیسن', '...']
2019-09-23 15:08:38	UrduPoint	ڈینگی کے خاتمے کیلئے اپنی بھرپور کاوشوں میں مصروف عمل ہیں ، تمام وسائل بروئے کار لا رہے ہیں،ایم ڈی راولپنڈی ویسٹ مینجمنٹ کمپنی اویس منظور تارڑ	ur	1	DengueFever	ڈینگی خاتمے کیلئے بھرپور کاوشوں مصروف عمل وسائل بروئے کار ایم ڈی راولپنڈی ویسٹ مینجمنٹ کمپنی اویس منظور تارڑ	1	['ڈینگی', 'خاتمے کیلئے', 'بھرپور کاوشوں', 'مصروف عمل', 'وسائل', 'کار', 'ہیں،ایم ڈی راولپنڈی ویسٹ مینجمنٹ کمپنی اویس', 'منظور تارڑ']
2019-09-23 15:20:43	UrduPoint	"وزیراعلیٰ کاڈینگی کے مریضوں کی تعداد میں اضافے پر اظہار تشویش،

سی بی سی سمیت ڈینگی کے مریضوں کے تمام ٹیسٹ مفت کرنے کا اعلان

راولپنڈی کیلئے فوری طور پر 3 موبائل ہیلتھ ... مزید"	ur	1	DengueFever	وزیر اعلی کاڈینگی مریضوں تعداد اضافے اظہار تشویش بی سمیت ڈینگی مریضوں ٹیسٹ مفت اعلان راولپنڈی کیلئے فوری موبائل ہیلتھ	10	['وزیراعلیٰ کاڈینگی', 'مریضوں', 'تعداد', 'اضافے', 'اظہار تشویش،', 'سی بی', 'سی سمیت ڈینگی', 'مریضوں', 'ٹیسٹ', 'اعلان راولپنڈی', 'فوری طور', 'موبائل ہیلتھ ...']
2019-09-23 15:20:43	UrduPoint	قصور، محکمہ صحت ڈینگی کو ملک بدر کرنے میں مرکزی کردار ادا کرے، ڈپٹی کمشنر	ur	1	DengueFever	قصور محکمہ صحت ڈینگی ملک بدر مرکزی کردار ادا ڈپٹی کمشنر	11	['قصور، محکمہ صحت ڈینگی', 'ملک بدر', 'مرکزی کردار ادا کرے،', 'ڈپٹی کمشنر']
2019-09-23 15:50:48	UrduPoint	"۔کراچی کے کچرے کی بات کرنے والی پی ٹی آئی حکومت عمران خان کے اسلام آباد میں حلقے کی صفائی پر خاموش، اہلیان علاقہ پریشان

عمران خان کا سابق حلقہ گندگی سے اٹ گیا، ڈینگی ... مزید"	ur	1	DengueFever	کراچی کچرے بات پی ٹی آئی حکومت عمران خان اسلام آباد حلقے صفائی خاموش اہلیان علاقہ پریشان عمران خان سابق حلقہ گندگی اٹ ڈینگی	6	['۔کراچی', 'کچرے', 'بات', 'پی ٹی آئی حکومت عمران خان', 'اسلام آباد', 'حلقے', 'صفائی', 'خاموش، اہلیان علاقہ', 'پریشان عمران خان', 'سابق حلقہ گندگی', 'اٹ گیا، ڈینگی ...']
2019-09-23 16:11:09	UrduPoint	انسداد ڈینگی مہم کے حوالے سے تمام سرکاری ہسپتالوں میں سہولتیں فلفور فراہم کی جائیں	ur	1	DengueFever	انسداد ڈینگی مہم حوالے سرکاری ہسپتالوں سہولتیں فلفور فراہم	2	['انسداد ڈینگی مہم', 'حوالے', 'سرکاری ہسپتالوں', 'سہولتیں فلفور']
2019-09-23 16:11:51	UrduPoint	لاروا کی افزائش کو روکنے کے لیے اینٹی ڈینگی ٹیمیں اپنا بھرپور کردار ادا کریں	ur	1	DengueFever	لاروا افزائش روکنے اینٹی ڈینگی ٹیمیں بھرپور کردار ادا	2	['لاروا', 'افزائش', 'اینٹی ڈینگی ٹیمیں', 'بھرپور کردار ادا']
2019-09-23 18:00:04	UrduPoint	حافظ آباد ضلع میں رواں سال کے دوران ڈینگی لاروا سے کوئی ایک شخص بھی متاثر نہیں ہوا،ڈپٹی کمشنر نوید شہزاد مرزا	ur	1	DengueFever	حافظ آباد ضلع رواں سال ڈینگی لاروا شخص متاثر ڈپٹی کمشنر نوید شہزاد مرزا	11	['حافظ آباد ضلع', 'رواں سال', 'دوران ڈینگی لاروا', 'شخص', 'ہوا،ڈپٹی کمشنر', 'نوید شہزاد مرزا']
2019-09-24 06:55:15	UrduPoint	شہری ڈینگی سے بچائو کی احتیاطی تدابیر خود بھی اختیار کریں‘ساجد علی قریشی	ur	1	DengueFever	شہری ڈینگی بچائو احتیاطی تدابیر اختیار ساجد علی قریشی	2	['شہری ڈینگی', 'بچائو', 'احتیاطی تدابیر', 'اختیار کریں‘ساجد علی قریشی']
2019-10-07 10:29:09	UrduPoint	"انسداد ڈینگی مہم کو تیز کرنے سے صوبہ بھر کے ڈینگی کیسز میں واضح فرق نظرآ رہا ہے‘صوبائی وزیر صحت 
ڈینگی کے مریضوںکی مناسب دیکھ بھال کیلئے ہولی فیملی ہسپتال میں خصوصی آئوٹ ... مزید"	ur	1	DengueFever	انسداد ڈینگی مہم تیز صوبہ ڈینگی کیسز واضح فرق نظر صوبائی وزیر صحت ڈینگی مریضوںکی مناسب دیکھ بھال کیلئے ہولی فیملی ہسپتال خصوصی آئوٹ	9	['انسداد ڈینگی مہم', 'صوبہ', 'ڈینگی کیسز', 'واضح فرق', 'ہے‘صوبائی وزیر صحت ڈینگی', 'مریضوںکی', 'بھال کیلئے ہولی فیملی ہسپتال', 'خصوصی آئوٹ ...']
2019-10-07 10:55:41	UrduPoint	فیصل آباد میں ڈینگی کا کوئی کیس سامنے نہیں آیا، ڈاکٹر معصومہ سردار	ur	1	DengueFever	فیصل آباد ڈینگی کیس آیا ڈاکٹر معصومہ سردار	6	['فیصل آباد', 'ڈینگی', 'کیس سامنے', 'آیا، ڈاکٹر معصومہ سردار']
2019-10-07 10:56:43	UrduPoint	آگہی اور شعور بیدار کیے بغیر ڈینگی کا خاتمہ ممکن نہیں‘رانا کاشف نثار	ur	1	DengueFever	آگہی شعور بیدار ڈینگی خاتمہ ممکن رانا کاشف نثار	2	['آگہی', 'شعور', 'بغیر ڈینگی', 'خاتمہ', 'کاشف نثار']
2019-10-07 10:57:38	UrduPoint	ڈینگی لاروا برآمد ہونے پر نجی ہائوسنگ سوسائٹی کے مالکان کے خلاف مقدمہ درج	ur	1	DengueFever	ڈینگی لاروا برآمد نجی ہائوسنگ سوسائٹی مالکان مقدمہ درج	2	['ڈینگی لاروا برآمد', 'نجی ہائوسنگ سوسائٹی', 'مالکان', 'خلاف مقدمہ']
2019-10-07 10:57:39	UrduPoint	آزادکشمیر میں ڈینگی ایکٹ موجود ہے جس کے تحت دفعہ144کے نفاذ کے لیے تحریک کر دی گئی ‘ڈی جی صحت آزاد کشمیر	ur	1	DengueFever	آزادکشمیر ڈینگی ایکٹ موجود دفعہکے نفاذ تحریک ڈی جی صحت آزاد کشمیر	1	['آزادکشمیر', 'ڈینگی ایکٹ', 'تحت', 'دفعہ144کے نفاذ', 'تحریک', '‘ڈی جی صحت آزاد کشمیر']
2019-10-07 13:42:27	ExpressNews	خیبر پختون خوا میں ڈینگی بے قابو، 24 گھنٹوں کے دوران مزید 39 مریض اسپتال میں داخل	ur	1	DengueFever	خیبر پختون خوا ڈینگی قابو گھنٹوں مریض اسپتال داخل	10	['خیبر پختون خوا', 'ڈینگی بے قابو،', 'گھنٹوں', 'دوران', 'مریض اسپتال', 'داخل']
2019-10-07 13:42:27	UrduPoint	خیبر پختون خوا میں ڈینگی بے قابو، 24 گھنٹوں کے دوران مزید 39 مریض اسپتال میں داخل	ur	1	DengueFever	خیبر پختون خوا ڈینگی قابو گھنٹوں مریض اسپتال داخل	10	['خیبر پختون خوا', 'ڈینگی بے قابو،', 'گھنٹوں', 'دوران', 'مریض اسپتال', 'داخل']
2019-10-07 13:46:06	UrduPoint	ڈی سی لاہورکا سروسز ہسپتال کا دورہ، ڈینگی انتظامات کا جائزہ لیا	ur	1	DengueFever	ڈی لاہورکا سروسز ہسپتال دورہ ڈینگی انتظامات جائزہ	1	['ڈی', 'سی لاہورکا سروسز ہسپتال', 'دورہ، ڈینگی انتظامات', 'جائزہ']
2019-10-07 13:46:06	UrduPoint	ڈینگی سے چھٹکارا حاصل کرنے کے لیے تمام محکموں اور عوام کا تعاون ضروری ہے، ڈی سی لاہور	ur	1	DengueFever	ڈینگی چھٹکارا محکموں عوام تعاون ڈی لاہور	1	['ڈینگی', 'چھٹکارا', 'محکموں', 'عوام', 'تعاون', 'ضروری ہے، ڈی', 'سی لاہور']
2019-10-07 13:46:08	UrduPoint	ایڈیشنل ڈپٹی کمشنر اور اسسٹنٹ کمشنرز کے انسداد ڈینگی اور صفائی مہم بارے دورے	ur	1	DengueFever	ایڈیشنل ڈپٹی کمشنر اسسٹنٹ کمشنرز انسداد ڈینگی صفائی مہم دورے	11	['ایڈیشنل', 'ڈپٹی کمشنر', 'اسسٹنٹ کمشنرز', 'انسداد ڈینگی', 'صفائی مہم بارے دورے']
2019-10-07 13:55:27	UrduPoint	آزادکشمیر میں 1085لوگ ڈینگی سے متاثر ہوئے، کوآرڈنیٹر نیشنل پروگرام وڈائریکٹر سی ڈی سی	ur	1	DengueFever	آزادکشمیر لوگ ڈینگی متاثر کوآرڈنیٹر نیشنل پروگرام وڈائریکٹر ڈی	1	['آزادکشمیر', '1085لوگ ڈینگی', 'متاثر ہوئے، کوآرڈنیٹر نیشنل پروگرام وڈائریکٹر', 'سی ڈی']
2019-10-07 13:57:24	UrduPoint	عوام الناس میں ڈینگی مچھر کے ممکنہ مضراثرات او راس سے بچاؤ بارے آگہی سیمینار کا انعقاد	ur	1	DengueFever	عوام الناس ڈینگی مچھر ممکنہ مضراثرات او راس بچاؤ آگہی سیمینار انعقاد	2	['عوام الناس', 'ڈینگی مچھر', 'ممکنہ مضراثرات او راس', 'بچاؤ بارے', 'آگہی سیمینار', 'انعقاد']
2019-10-07 13:59:16	UrduPoint	چیچہ وطنی، ڈینگی کے خاتمہ کیلئے اقدامات ہم سب کی ذمہ داری ہے،صوبائی سیکرٹری سوشل ویلفیئر عنبرین رضا	ur	1	DengueFever	چیچہ وطنی ڈینگی خاتمہ کیلئے اقدامات ذمہ داری صوبائی سیکرٹری سوشل ویلفیئر عنبرین رضا	12	['چیچہ وطنی، ڈینگی', 'خاتمہ', 'اقدامات', 'ذمہ داری', 'ہے،صوبائی سیکرٹری', 'سوشل ویلفیئر عنبرین رضا']
2019-10-07 14:26:51	UrduPoint	"صوبائی وزیر صحت ڈاکٹر یاسمین راشد کا ہولی فیملی ہسپتال میں ڈینگی آئوٹ ڈور کا دورہ، 

ڈینگی کے شکار مریضوں کی عیادت و طبی سہولیات کا جائزہ لیا"	ur	1	DengueFever	صوبائی وزیر صحت ڈاکٹر یاسمین راشد ہولی فیملی ہسپتال ڈینگی آئوٹ ڈور دورہ ڈینگی شکار مریضوں عیادت و طبی سہولیات جائزہ	9	['صوبائی وزیر صحت ڈاکٹر یاسمین راشد', 'ہولی فیملی ہسپتال', 'ڈینگی آئوٹ ڈور', 'دورہ، ڈینگی', 'شکار مریضوں', 'عیادت', 'طبی سہولیات', 'جائزہ']
2019-10-07 15:27:01	UrduPoint	ڈینگی ایک جان لیواء مرض ہے ڈینگی سے گھبرانے کی نہیں احیتاط کی ضرورت ہے	ur	1	DengueFever	ڈینگی جان لیواء مرض ڈینگی گھبرانے احیتاط	2	['ڈینگی', 'جان لیواء مرض', 'ڈینگی', 'احیتاط', 'ضرورت']
2019-10-07 15:31:04	UrduPoint	حکومت ڈینگی کو کنٹرول کرنے کیلئے بھاری فنڈز خرچ کر رہی ہے جس کا مقصد شہریوں کو اس مرض سے محفوظ بنانا ہے	ur	1	DengueFever	حکومت ڈینگی کنٹرول کیلئے بھاری فنڈز خرچ مقصد شہریوں مرض محفوظ بنانا	2	['حکومت ڈینگی', 'کنٹرول', 'بھاری فنڈز خرچ', 'مقصد شہریوں', 'مرض']
2019-10-07 15:36:33	Voice Of America	ڈینگی کے مریضوں کی تعداد 23 ہزار سے بڑھ گئی	ur	1	DengueFever	ڈینگی مریضوں تعداد ہزار بڑھ	10	['ڈینگی', 'مریضوں', 'تعداد']
2019-10-07 17:00:44	UrduPoint	لاہور: سرکاری ہسپتالوں میں زیر علاج مزید تین مریضوں میں ڈینگی وائرس کی تصدیق	ur	1	DengueFever	لاہور سرکاری ہسپتالوں زیر علاج تین مریضوں ڈینگی وائرس تصدیق	9	['لاہور:', 'سرکاری ہسپتالوں', 'زیر علاج', 'مریضوں', 'ڈینگی وائرس', 'تصدیق']
2019-10-07 17:05:28	UrduPoint	"ڈینگی بے قا بو حکومتی اقدامات افسران کے تبادلوں تک محدود،حکومت نے جس طرح صحت کے بجٹ میں کمی کی تھی اس کا خمیازہ آج عوام بھگت رہے ہیں،ایم ساجد عباسی
ڈیل ہوئی ہے اور نہ کریں ... مزید"	ur	1	DengueFever	ڈینگی قا بو حکومتی اقدامات افسران تبادل وں محدود حکومت صحت بجٹ کمی خمیازہ آج عوام بھگت ایم ساجد عباسی ڈیل	9	['ڈینگی بے قا بو', 'حکومتی اقدامات افسران', 'تبادلوں', 'محدود،حکومت', 'طرح صحت', 'بجٹ', 'کمی', 'خمیازہ آج عوام', 'ہیں،ایم ساجد عباسی ڈیل', '...']
2019-10-07 18:06:15	UrduPoint	ضلع چنیوٹ ڈینگی کے خطرہ سے کافی حد تک محفوظ ہے، ڈپٹی کمشنر سید امان انور قدوائی	ur	1	DengueFever	ضلع چنیوٹ ڈینگی خطرہ فی حد محفوظ ڈپٹی کمشنر سید امان انور قدوائی	11	['ضلع چنیوٹ ڈینگی', 'خطرہ', 'حد', 'محفوظ ہے،', 'ڈپٹی کمشنر سید امان انور قدوائی']
2019-10-07 18:52:49	UrduPoint	"ڈینگی  مریضوںکیلئے صحت کی بہترین سہولیات فراہم کر رہے ہیں،یاسمین راشد


ہسپتالوںمیں اضافی بیڈز کے ساتھ ساتھ ڈاکٹروںاور پیرا میڈیکل سٹاف کی تعیناتی بھی یقینی بنائی جا ... مزید"	ur	1	DengueFever	ڈینگی مریضوںکیلئے صحت بہترین سہولیات فراہم یاسمین راشد ہسپتالوں اضافی بیڈز ڈاکٹروںاور پیرا میڈیکل سٹاف تعیناتی یقینی بنائی	9	['ڈینگی مریضوںکیلئے صحت', 'بہترین سہولیات', 'ہیں،یاسمین راشد ہسپتالوںمیں', 'اضافی بیڈز', 'ساتھ ساتھ', 'ڈاکٹروںاور پیرا میڈیکل سٹاف', 'تعیناتی', '...']
2019-10-07 18:54:17	UrduPoint	"آل پاکستان پرائیویٹ سکولز مینجمنٹ کے 10 رکنی وفد کی  ڈپٹی کمشنر راولپنڈی سے ملاقات
سیف اللہ ڈوگر نے ضلعی انتظامیہ راولپنڈی کو ڈینگی کی تشخیص کیلئے مشین کا عطیہ کردیا
۷ملاقات ... مزید"	ur	1	DengueFever	آل پاکستان پرائیویٹ سکولز مینجمنٹ رکنی وفد ڈپٹی کمشنر راولپنڈی ملاقات سیف اللہ ڈوگر ضلعی انتظامیہ راولپنڈی ڈینگی تشخیص کیلئے مشین عطیہ ۷ملاقات	11	['آل پاکستان پرائیویٹ سکولز مینجمنٹ', 'رکنی وفد', 'ڈپٹی کمشنر راولپنڈی', 'ملاقات سیف اللہ ڈوگر', 'ضلعی انتظامیہ راولپنڈی', 'ڈینگی', 'تشخیص', 'مشین', 'عطیہ', '۷ملاقات ...']
2019-10-07 18:54:18	UrduPoint	راولپنڈی ویسٹ مینجمنٹ کمپنی اور البائراک کی صفائی و ڈینگی سے آگاہی مہم جاری	ur	1	DengueFever	راولپنڈی ویسٹ مینجمنٹ کمپنی البائراک صفائی و ڈینگی آگاہی مہم جاری	5	['راولپنڈی ویسٹ مینجمنٹ کمپنی', 'البائراک', 'صفائی', 'ڈینگی', 'آگاہی مہم']
2019-10-07 18:54:18	UrduPoint	"آل پاکستان پرائیویٹ سکولز مینجمنٹ کے 10 رکنی وفد کی  ڈپٹی کمشنر راولپنڈی سے ملاقات

سیف اللہ ڈوگر نے ضلعی انتظامیہ راولپنڈی کو ڈینگی کی تشخیص کیلئے مشین کا عطیہ کردیا
۷ملاقات ... مزید"	ur	1	DengueFever	آل پاکستان پرائیویٹ سکولز مینجمنٹ رکنی وفد ڈپٹی کمشنر راولپنڈی ملاقات سیف اللہ ڈوگر ضلعی انتظامیہ راولپنڈی ڈینگی تشخیص کیلئے مشین عطیہ ۷ملاقات	11	['آل پاکستان پرائیویٹ سکولز مینجمنٹ', 'رکنی وفد', 'ڈپٹی کمشنر راولپنڈی', 'ملاقات سیف اللہ ڈوگر', 'ضلعی انتظامیہ راولپنڈی', 'ڈینگی', 'تشخیص', 'مشین', 'عطیہ', '۷ملاقات ...']
2019-10-08 05:30:20	UrduPoint	خیبر پختو نخوا میں ڈینگی سے متاثرہ افراد کی تعداد 4,522 ہو گئی	ur	1	DengueFever	خیبر پختو نخوا ڈینگی متاثرہ افراد تعداد	10	['خیبر پختو نخوا', 'ڈینگی', 'متاثرہ افراد', 'تعداد 4,522']
2019-10-08 07:55:23	UrduPoint	"پرویز مشرف غداری کیس ،وفاقی حکومت نے جسٹس وقار احمد سیٹھ کو خصوصی عدالت کا نیا سربراہ مقرر کر دیا 
پرویز مشرف کے وکیل رضا بشیر ڈینگی کا شکار ہوگئے، التواء کی درخواست دائر ... مزید"	ur	1	DengueFever	پرویز مشرف غداری کیس وفاقی حکومت جسٹس وقار احمد سیٹھ خصوصی عدالت نیا سربراہ مقرر پرویز مشرف وکیل رضا بشیر ڈینگی شکار ہوگئے التواء درخواست دائر	2	['پرویز مشرف', 'غداری کیس', '،وفاقی حکومت', 'جسٹس وقار احمد سیٹھ', 'خصوصی عدالت', 'نیا سربراہ', 'پرویز مشرف', 'وکیل رضا بشیر ڈینگی', 'شکار ہوگئے، التواء', 'درخواست', 'دائر ...']
2019-10-08 08:29:05	UrduPoint	"راولپنڈی اسلام آباد میں ڈینگی کی صورتحال کا جائزہ لینے کیلئے وفاقی سیکرٹری صحت کی زیرصدارت اجلاس
مؤثر اقدامات کی وجہ سے صورتحال قابو میں ہے اور ڈینگی کے تشخیص شدہ مریضوں ... مزید"	ur	1	DengueFever	راولپنڈی اسلام آباد ڈینگی حال جائزہ لینے کیلئے وفاقی سیکرٹری صحت زیر صدارت اجلاس مؤثر اقدامات حال قابو ڈینگی تشخیص شدہ مریضوں	12	['راولپنڈی اسلام آباد', 'ڈینگی', 'صورتحال', 'جائزہ', 'وفاقی سیکرٹری صحت', 'زیرصدارت اجلاس', 'مؤثر اقدامات', 'وجہ', 'صورتحال قابو', 'ڈینگی', 'تشخیص', 'شدہ مریضوں ...']
2019-10-08 08:35:39	UrduPoint	"پنجاب حکومت نے ڈینگی کے خاتمہ کیلئے کمر کس لی ہے‘آصف محمود
سرگودھا میں ڈینگی مچھر کے ممکنہ مضراثرات او راس سے بچائو بارے آگاہی سیمینارسے مشیر وزیراعلی کا خطاب"	ur	1	DengueFever	پنجاب حکومت ڈینگی خاتمہ کیلئے کمر آصف محمود سرگودھا ڈینگی مچھر ممکنہ مضراثرات او راس بچائو آگاہی سیمینارسے مشیر وزیر اعلی خطاب	2	['پنجاب حکومت', 'ڈینگی', 'خاتمہ', 'کمر', 'ہے‘آصف محمود سرگودھا', 'ڈینگی مچھر', 'ممکنہ مضراثرات او راس', 'بچائو بارے', 'آگاہی سیمینارسے مشیر وزیراعلی', 'خطاب']
2019-10-08 10:00:21	UrduPoint	"ڈینگی پر قابو پانے کے لیے ہر ممکن حکمت عملی اپنائی جا رہی ہے‘کمشنر راولپنڈی
ڈینگی ماہرین کی سفارشات پر ان یونین کونسلوں پر کیس رسپانس کے ذریعے بڑے پیمانے پر فوگنگ اور ... مزید"	ur	1	DengueFever	ڈینگی قابو پانے ممکن حکمت عملی اپنائی کمشنر راولپنڈی ڈینگی ماہرین سفارشات یونین کونسلوں کیس رسپانس بڑے پیمانے فوگنگ	11	['ڈینگی', 'قابو', 'ممکن حکمت', 'ہے‘کمشنر راولپنڈی ڈینگی ماہرین', 'سفارشات', 'یونین کونسلوں', 'کیس رسپانس', 'ذریعے', 'بڑے پیمانے', 'فوگنگ', '...']
2019-10-08 10:45:20	UrduPoint	"جڑواں شہر کے موثر اقدامات کی وجہ سے ڈینگی کی صورتحال قابو میں ہے ،سیکرٹری صحت 
افسران ایمانداری لگن اور جزبے سے اپنے کام کو سر انجام دیں،آفیشل بزنس کو روزانہ کی بنیاد ... مزید"	ur	1	DengueFever	جڑواں شہر موثر اقدامات ڈینگی حال قابو سیکرٹری صحت افسران ایمانداری لگن جزبے کام سر انجام آفیشل بزنس روزانہ بنیاد	12	['جڑواں شہر', 'موثر اقدامات', 'وجہ', 'ڈینگی', 'صورتحال قابو', '،سیکرٹری صحت افسران', 'ایمانداری لگن', 'جزبے', 'کام', 'سر انجام دیں،آفیشل بزنس', 'بنیاد ...']
2019-10-08 10:50:17	NawaeWaqt	ملک بھر میں ڈینگی کی بڑھتی ہوئی وبا کے خلاف پنجاب اسمبلی میں قرارداد جمع	ur	1	DengueFever	ملک ڈینگی بڑھتی وبا پنجاب اسمبلی قرار داد جمع	2	['ملک', 'ڈینگی', 'وبا', 'خلاف', 'پنجاب اسمبلی', 'قرارداد']
2019-10-08 10:50:17	UrduPoint	ملک بھر میں ڈینگی کی بڑھتی ہوئی وبا کے خلاف پنجاب اسمبلی میں قرارداد جمع	ur	1	DengueFever	ملک ڈینگی بڑھتی وبا پنجاب اسمبلی قرار داد جمع	2	['ملک', 'ڈینگی', 'وبا', 'خلاف', 'پنجاب اسمبلی', 'قرارداد']
2019-10-08 10:50:18	UrduPoint	"ڈینگی صحت کے ساتھ سوشل مسئلہ بھی ہے، قابو پانے کیلئے کمیونٹی کی شرکت لازم ہے
ْڈینگی سے بچنے کیلئے لوگ احتیاطی تدابیر پر عمل کریں، انسٹی ٹیوٹ آف پبلک ہیلتھ کے سٹوڈنٹس"	ur	1	DengueFever	ڈینگی صحت سوشل مسئلہ قابو پانے کیلئے کمیونٹی شرکت لازم ْڈینگی بچنے کیلئے لوگ احتیاطی تدابیر عمل انسٹی ٹیوٹ آف پبلک ہیلتھ سٹوڈنٹس	9	['ڈینگی صحت', 'ساتھ', 'سوشل مسئلہ', 'ہے، قابو', 'کمیونٹی', 'شرکت لازم', 'ْڈینگی', 'لوگ', 'احتیاطی تدابیر', 'عمل کریں، انسٹی ٹیوٹ آف پبلک ہیلتھ', 'سٹوڈنٹس']
2019-10-08 11:40:27	UrduPoint	ڈینگی کنٹرول کرنے کیلئے موثر اقدامات نہ کرنے کیخلاف درخواست پر پنجاب حکومت سے رپورٹ طلب	ur	1	DengueFever	ڈینگی کنٹرول کیلئے موثر اقدامات کیخلاف درخواست پنجاب حکومت رپورٹ طلب	2	['ڈینگی کنٹرول', 'موثر اقدامات', 'درخواست', 'پنجاب حکومت', 'رپورٹ طلب']
2019-10-08 11:45:33	UrduPoint	آر ایم یو اور یونیورسٹی آف جارجیا جلد ہی ڈینگی ماڈلنگ شروع کرے گی	ur	1	DengueFever	آر ایم یو یونیورسٹی آف جارجیا جلد ڈینگی ماڈلنگ شروع	2	['آر ایم یو', 'یونیورسٹی آف جارجیا', 'ڈینگی ماڈلنگ شروع']
2019-10-08 12:23:29	UrduPoint	ڈینگی پر قابو پانے کے لیے ہر ممکن حکمت عملی اپنائی جا رہی ہے،کمشنر راولپنڈی ڈویژن	ur	1	DengueFever	ڈینگی قابو پانے ممکن حکمت عملی اپنائی کمشنر راولپنڈی ڈویژن	11	['ڈینگی', 'قابو', 'ممکن حکمت', 'ہے،کمشنر راولپنڈی ڈویژن']
2019-10-08 12:30:38	UrduPoint	ضلعی انتظامیہ لاہور نے گزشتہ روز کی ڈینگی کی رپورٹ جاری کردی	ur	1	DengueFever	ضلعی انتظامیہ لاہور روز ڈینگی رپورٹ جاری	5	['ضلعی انتظامیہ لاہور', 'گزشتہ روز', 'ڈینگی', 'رپورٹ', 'جاری کردی']
2019-10-08 12:34:20	UrduPoint	اربن یونین کونسلز میں آنے والے کھیتوں میں بھی ڈینگی سرویلنس کی جائے، عامرخٹک	ur	1	DengueFever	اربن یونین کونسلز آنے کھیتوں ڈینگی سرویلنس عامرخٹک	2	['اربن یونین کونسلز', 'کھیتوں', 'ڈینگی سرویلنس', 'جائے، عامرخٹک']
2019-10-08 12:42:06	UrduPoint	چکوال ،چمکیلی دھوپ نکلتے ہی ڈینگی کے وار مزید بڑھ گئے	ur	1	DengueFever	چکوال چمکیلی دھوپ نکلتے ڈینگی وار بڑھ	2	['چکوال', '،چمکیلی دھوپ', 'ڈینگی', 'وار']
2019-10-08 13:42:48	UrduPoint	وہاڑی۔ڈینگی سے بچاؤ کی ٹیمیں گھر گھر جا کر سرولنس کر رہی ہیں،سی ای او ہیلتھ ڈاکٹر ارشد ملک	ur	1	DengueFever	وہاڑی ڈینگی بچاؤ ٹیمیں گھر گھر سرولنس ای او ہیلتھ ڈاکٹر ارشد ملک	2	['وہاڑی۔ڈینگی', 'بچاؤ', 'ٹیمیں گھر گھر', 'سرولنس', 'ہیں،سی ای او ہیلتھ ڈاکٹر ارشد ملک']
2019-10-08 13:42:49	UrduPoint	ڈینگی سے بچنے کیلئے لوگ اپنے گھروں میں ڈینگی ہاٹ سپاٹس ختم کریں، ڈاکٹر زرفشاں طاہر	ur	1	DengueFever	ڈینگی بچنے کیلئے لوگ گھروں ڈینگی ہاٹ سپاٹس ڈاکٹر زرفشاں طاہر	2	['ڈینگی', 'لوگ', 'گھروں', 'ڈینگی ہاٹ سپاٹس', 'ختم کریں، ڈاکٹر زرفشاں طاہر']
2019-10-08 13:45:24	UrduPoint	نیشنل ہائی ویز اینڈ موٹروے پولیس کی جانب سے موٹروے پولیس افسران و ملازمان کے لئے ڈینگی سے بچاؤ سے متعلق سیمینار	ur	1	DengueFever	نیشنل ہائی ویز اینڈ موٹروے پولیس جانب موٹروے پولیس افسران و ملازمان ڈینگی بچاؤ متعلق سیمینار	2	['نیشنل ہائی ویز اینڈ موٹروے پولیس', 'جانب', 'موٹروے پولیس افسران', 'ملازمان', 'لئے ڈینگی', 'بچاؤ', 'متعلق سیمینار']
2019-10-08 13:45:24	UrduPoint	سیکرٹری ٹرانسپورٹ اور ڈپٹی کمشنر شیخوپورہ کی زیر صدارت انسداد ڈینگی کے حوالے سے اہم اجلاس	ur	1	DengueFever	سیکرٹری ٹرانسپورٹ ڈپٹی کمشنر شیخوپورہ زیر صدارت انسداد ڈینگی حوالے اہم اجلاس	12	['سیکرٹری ٹرانسپورٹ', 'ڈپٹی کمشنر شیخوپورہ', 'زیر صدارت انسداد ڈینگی', 'حوالے', 'اہم اجلاس']
2019-10-08 13:55:09	UrduPoint	جھنگ ،ضلع بھر میں انسداد ڈینگی اقدامات کو مزید تیز کر دیاگیا	ur	1	DengueFever	جھنگ ضلع انسداد ڈینگی اقدامات تیز	2	['جھنگ ،ضلع', 'انسداد ڈینگی اقدامات']
2019-10-08 14:01:13	UrduPoint	خانیوال۔ ڈینگی کے خاتمہ کیلئے محکمہ صحت اور دیگر سرکاری محکمہ جات کی ٹیمیں سرتوڑ کوششیں کر یں، ڈپٹی کمشنر اشفاق احمد چودھری	ur	1	DengueFever	خانیوال ڈینگی خاتمہ کیلئے محکمہ صحت دیگر سرکاری محکمہ جات ٹیمیں سرتوڑ کوششیں یں ڈپٹی کمشنر اشفاق احمد چودھری	9	['خانیوال۔ ڈینگی', 'خاتمہ', 'محکمہ صحت', 'دیگر', 'سرکاری محکمہ جات', 'ٹیمیں سرتوڑ کوششیں', 'یں،', 'ڈپٹی کمشنر اشفاق احمد چودھری']
2019-10-08 14:02:08	UrduPoint	چنیوٹ۔ڈینگی سے محفوظ رہنے کیلئے شہریوں کا تعاون اور کردار کسی بھی صورت نظر انداز نہیں کیا جا سکتا ، ڈپٹی کمشنر سید امان انور قدوائی	ur	1	DengueFever	چنیوٹ ڈینگی محفوظ کیلئے شہریوں تعاون کردار نظر انداز ڈپٹی کمشنر سید امان انور قدوائی	11	['چنیوٹ۔ڈینگی', 'شہریوں', 'تعاون', 'کردار', 'صورت نظر انداز', 'ڈپٹی کمشنر سید امان انور قدوائی']
2019-10-08 14:02:08	UrduPoint	چنیوٹ،سپیشل ایجوکیشن سکول میںڈینگی سے آگاہی بارے سیمینار کا انعقاد	ur	1	DengueFever	چنیوٹ سپیشل ایجوکیشن سکول میںڈینگی آگاہی سیمینار انعقاد	2	['چنیوٹ،سپیشل ایجوکیشن سکول میںڈینگی', 'آگاہی بارے سیمینار', 'انعقاد']
2019-10-08 14:31:00	UrduPoint	ڈی سی لاہور کی ہدایت پرافسران کے فیلڈ میں ڈینگی کے حوالے سے دورے	ur	1	DengueFever	ڈی لاہور ہدایت پرافسران فیلڈ ڈینگی حوالے دورے	1	['ڈی', 'سی لاہور', 'ہدایت پرافسران', 'فیلڈ', 'ڈینگی', 'حوالے', 'دورے']
2019-10-08 14:31:00	UrduPoint	ضلعی انتظامیہ نے ڈینگی کی رپورٹ جاری کردی	ur	1	DengueFever	ضلعی انتظامیہ ڈینگی رپورٹ جاری	5	['ضلعی انتظامیہ', 'ڈینگی', 'رپورٹ', 'جاری کردی']
2019-10-08 14:32:08	UrduPoint	ڈینگی لاروا کی تلفی میں غفلت برتنے پر محکمانہ کارروائی عمل میں لائی جائے گی ، عاصمہ اعجازچیمہ	ur	1	DengueFever	ڈینگی لاروا تلفی غفلت برتنے محکمانہ کارروائی عمل عاصمہ اعجازچیمہ	0	['ڈینگی لاروا', 'تلفی', 'غفلت', 'محکمانہ کارروائی عمل', 'عاصمہ اعجازچیمہ']
2019-10-08 14:32:08	UrduPoint	سیکرٹری ٹرانسپورٹ سیداسدرحمن گیلانی کی زیر صدارت انسداد ڈینگی بارے اعلی سطحی اجلاس	ur	1	DengueFever	سیکرٹری ٹرانسپورٹ سیداسدرحمن گیلانی زیر صدارت انسداد ڈینگی اعلی سطحی اجلاس	12	['سیکرٹری ٹرانسپورٹ سیداسدرحمن گیلانی', 'زیر صدارت انسداد ڈینگی بارے', 'اعلی سطحی اجلاس']
2019-10-08 14:55:59	UrduPoint	"خیبرپختونخوا اور پنجاب کے عوام ڈینگی کے رحم و کرم پر 
خیبرپختونخوا میں ڈینگی مریضوں کی تعداد ساڑھے چار ہزار ،پنجاب میں ساڑھے پانچ ہزار تک پہنچ گئی"	ur	1	DengueFever	خیبر پختونخوا پنجاب عوام ڈینگی رحم و کرم خیبر پختونخوا ڈینگی مریضوں تعداد ساڑھے چار ہزار پنجاب ساڑھے پانچ ہزار پہنچ	10	['خیبرپختونخوا', 'پنجاب', 'عوام ڈینگی', 'رحم', 'کرم', 'خیبرپختونخوا', 'ڈینگی مریضوں', 'تعداد', '،پنجاب']
2019-10-08 15:45:07	UrduPoint	"نیشنل ہائی ویز اینڈ موٹروے پولیس کا ڈینگی سے آگاہی کے متعلق سیمینار کا انعقاد

احتیاطی تدابیر اپنا کر ڈینگی پر قابو پایا جا سکتا ہے ،ڈی آئی جی موٹرویز اشفاق احمد
’ ... مزید"	ur	1	DengueFever	نیشنل ہائی ویز اینڈ موٹروے پولیس ڈینگی آگاہی متعلق سیمینار انعقاد احتیاطی تدابیر ڈینگی قابو ڈی آئی جی موٹرویز اشفاق احمد	2	['نیشنل ہائی ویز اینڈ موٹروے پولیس', 'ڈینگی', 'آگاہی', 'متعلق سیمینار', 'انعقاد', 'احتیاطی تدابیر', 'ڈینگی', 'قابو', '،ڈی آئی جی موٹرویز اشفاق احمد ’ ...']
2019-10-08 15:51:42	UrduPoint	کوٹلی، ڈینگی کنٹرول پروگرام کے شرکاء کی خصوصی تربیت کا اہتمام	ur	1	DengueFever	کوٹلی ڈینگی کنٹرول پروگرام شرکاء خصوصی تربیت اہتمام	2	['کوٹلی، ڈینگی کنٹرول پروگرام', 'شرکاء', 'خصوصی تربیت', 'اہتمام']
2019-10-08 16:39:55	UrduPoint	لاہور ،سرکاری ہسپتالوں میں زیر علاج مزید 9 مریضوں میں ڈینگی کی تصدیق	ur	1	DengueFever	لاہور سرکاری ہسپتالوں زیر علاج مریضوں ڈینگی تصدیق	10	['لاہور', '،سرکاری ہسپتالوں', 'زیر علاج', 'مریضوں', 'ڈینگی', 'تصدیق']
2019-10-08 16:58:59	UrduPoint	ڈپٹی کمشنر شیخوپورہ آفس میں اجلاس ، انسداد ڈینگی اقدامات پر تبادلہ خیال	ur	1	DengueFever	ڈپٹی کمشنر شیخوپورہ آفس اجلاس انسداد ڈینگی اقدامات تبادلہ خیال	11	['ڈپٹی کمشنر شیخوپورہ آفس', 'اجلاس', 'انسداد ڈینگی اقدامات', 'تبادلہ خیال']
2019-10-08 19:00:42	UrduPoint	"ڈینگی پر قابو پانے کے لیے ہر ممکن حکمت عملی اپنائی جا رہی ہے، کیپٹن (ر) ثاقب ظفر

ڈینگی ماہرین کی سفارشات پر ڈینگی کیس رپورٹ ہونیوالے علاقوں میں بڑے پیمانے پر فوگنگ اور ... مزید"	ur	1	DengueFever	ڈینگی قابو پانے ممکن حکمت عملی اپنائی کیپٹن ر ثاقب ظفر ڈینگی ماہرین سفارشات ڈینگی کیس رپورٹ ہونیوالے علاقوں بڑے پیمانے فوگنگ	2	['ڈینگی', 'قابو', 'ممکن حکمت', 'ہے، کیپٹن (ر) ثاقب ظفر ڈینگی ماہرین', 'سفارشات', 'ڈینگی کیس رپورٹ', 'ہونیوالے علاقوں', 'بڑے پیمانے', 'فوگنگ', '...']
2019-10-08 19:02:17	UrduPoint	"ڈینگی بخارکی وباء ہمارے لئے اللہ کی طرف سے آزمائش ہے ،خوفزدہ ہونے کی ضرورت نہیں، ڈاکٹر جمال ناصر

ڈینگی وائرس بارے کچھ عرصے سے کئے جانیوالے پروپیگنڈے نے بھی عوام و خواص ... مزید"	ur	1	DengueFever	ڈینگی بخارکی وباء اللہ آزمائش خوفزدہ ڈاکٹر جمال ناصر ڈینگی وائرس عرصے جانیوالے پروپیگنڈے عوام و خواص	9	['ڈینگی', 'بخارکی وباء', 'لئے اللہ', 'طرف', 'آزمائش', 'ضرورت نہیں، ڈاکٹر جمال ناصر ڈینگی وائرس بارے', 'عرصے', 'جانیوالے پروپیگنڈے', 'عوام', 'خواص ...']
2019-10-09 09:02:04	UrduPoint	"صفائی ستھرائی اور انسداد ڈینگی کی جاری مہم کے سلسلے میں ایل ڈبلیوایم سی نے مختلف علاقوں میں خصوصی کیمپ لگائے
عوام کوڑا کرکٹ گلی کوچوں میں پھینکنے کی بجائے قریبی کوڑے ... مزید"	ur	1	DengueFever	صفائی ستھرائی انسداد ڈینگی جاری مہم سلسلے ایل ڈبلیوایم مختلف علاقوں خصوصی کیمپ لگائے عوام کوڑا کرکٹ گلی کوچوں پھینکنے بجا ئے قریبی کوڑے	5	['صفائی', 'انسداد ڈینگی', 'جاری مہم', 'سلسلے', 'ایل ڈبلیوایم', 'مختلف علاقوں', 'خصوصی کیمپ', 'عوام کوڑا کرکٹ گلی کوچوں', 'قریبی کوڑے ...']
2019-10-09 11:09:18	UrduPoint	ڈینگی وائرس سے آگاہی کے لئے عوامی شعور اجاگر کرنے ضرورت ہے‘ارباب جہانداد	ur	1	DengueFever	ڈینگی وائرس آگاہی عوامی شعور اجاگر ارباب جہانداد	9	['ڈینگی وائرس', 'آگاہی', 'لئے', 'عوامی شعور', 'ضرورت', 'ہے‘ارباب جہانداد']
2019-10-09 11:41:21	UrduPoint	کراچی میں ایک اور ڈینگی کی مریضہ چل بسی،ہلاکتوں کی تعداد 16ہوگئی	ur	1	DengueFever	کراچی ڈینگی مریضہ چل بسی ہلاکتوں تعداد	10	['کراچی', 'ڈینگی', 'مریضہ', 'بسی،ہلاکتوں', 'تعداد']
2019-10-09 12:04:36	UrduPoint	صوبہ بھر کے تمام افسران انسداد ڈینگی کے اقدامات بارے ایس او پیز پر عملدرآمد کو یقینی بنائیں، سید رفاقت علی گیلانی	ur	1	DengueFever	صوبہ افسران انسداد ڈینگی اقدامات ایس او پیز عملدرآمد یقینی بنائیں سید رفاقت علی گیلانی	2	['صوبہ', 'افسران انسداد ڈینگی', 'اقدامات بارے ایس او پیز', 'عملدرآمد', 'یقینی بنائیں، سید رفاقت علی گیلانی']
2019-10-09 12:33:16	UrduPoint	"سری لنکن آل راﺅنڈ ر تھیسارا پریرا نے دورہ پاکستان سے انکار کرنے کی وجہ بتا دی 
کیریبئن لیگ کے دوران ڈینگی بخار ہوگیا،ڈاکٹر کی ایڈوائس پر آرام کررہا ہوں:آل راﺅنڈر"	ur	1	DengueFever	سری لنکن آل راﺅنڈ ر تھیسارا پریرا دورہ پاکستان کار بتا کیریبئن لیگ ڈینگی بخار ڈاکٹر ایڈوائس آرام آل راﺅنڈر	8	['سری لنکن آل راﺅنڈ ر تھیسارا پریرا', 'دورہ پاکستان', 'انکار', 'وجہ', 'کیریبئن لیگ', 'دوران ڈینگی بخار ہوگیا،ڈاکٹر', 'ایڈوائس', 'آرام کررہا ہوں:آل راﺅنڈر']
2019-10-09 12:45:56	UrduPoint	یو ای ٹی لاہورکے زیر اہتمام ڈینگی سے متعلق آگاہی سیمینارکا انعقاد	ur	1	DengueFever	یو ای ٹی لاہورکے زیر اہتمام ڈینگی متعلق آگاہی سیمینارکا انعقاد	2	['یو ای ٹی لاہورکے زیر اہتمام ڈینگی', 'متعلق آگاہی سیمینارکا انعقاد']
2019-10-09 13:52:07	UrduPoint	ٹی ایم اے لاچی کا بڑے پیمانے پر صفائی مہم کا آغاز، علاقے میں شجر کاری اور گھر گھر ڈینگی مار سپرے بھی جاری	ur	1	DengueFever	ٹی ایم لاچی بڑے پیمانے صفائی مہم آغاز علاقے شجر کاری گھر گھر ڈینگی مار سپرے جاری	5	['ٹی ایم اے لاچی', 'بڑے پیمانے', 'صفائی مہم', 'آغاز، علاقے', 'شجر کاری', 'گھر گھر ڈینگی', 'سپرے']
2019-10-09 13:54:53	UrduPoint	مظفرآباد،لچھراٹ ویلفئیر آرگنائزیشن آزادجموںوکشمیر کے زیراہتمام گورنمنٹ گرلز ڈگری کالج وہائی سکول پٹہکہ میں ڈینگی کے حوالے سے تقریب منعقد کی گئی	ur	1	DengueFever	مظفرآباد لچھراٹ ویلفئیر آرگنائزیشن آزادجموں و کشمیر زیراہتمام گورنمنٹ گرلز ڈگری کالج وہائی سکول پٹہکہ ڈینگی حوالے تقریب منعقد	6	['مظفرآباد،لچھراٹ ویلفئیر آرگنائزیشن آزادجموںوکشمیر', 'زیراہتمام گورنمنٹ', 'گرلز ڈگری کالج', 'وہائی سکول پٹہکہ', 'ڈینگی', 'حوالے', 'تقریب']
2019-10-09 14:25:44	UrduPoint	ڈینگی کے خاتمہ کے لئے بلدیات کے چیف افسران نکاسی آب اور صفائی کے نظام میں بہتری لائیں، ڈی سی خانیوال	ur	1	DengueFever	ڈینگی خاتمہ بلدیات چیف افسران نکاسی آب صفائی نظام بہتری لائیں ڈی خانیوال	1	['ڈینگی', 'خاتمہ', 'لئے بلدیات', 'چیف افسران نکاسی', 'صفائی', 'نظام', 'بہتری لائیں، ڈی', 'سی خانیوال']
2019-10-09 14:30:34	UrduPoint	حکومت ڈینگی کے مکمل خاتمہ کیلئے ٹھوس عملی اقدامات کررہی ہے ،رانا خاور حفیظ	ur	1	DengueFever	حکومت ڈینگی خاتمہ کیلئے ٹھوس عملی اقدامات کررہی رانا خاور حفیظ	2	['حکومت ڈینگی', 'مکمل خاتمہ', 'ٹھوس عملی اقدامات', 'خاور حفیظ']
2019-10-09 14:45:48	UrduPoint	ٹی ایم اے لاچی نے بڑے پیمانے پر صفائی مہم کا آغاز کردیا،علاقے میں شجر کاری اور گھر گھر ڈینگی مار سپرے بھی جاری	ur	1	DengueFever	ٹی ایم لاچی بڑے پیمانے صفائی مہم آغاز علاقے شجر کاری گھر گھر ڈینگی مار سپرے جاری	5	['ٹی ایم اے لاچی', 'بڑے پیمانے', 'صفائی مہم', 'آغاز کردیا،علاقے', 'شجر کاری', 'گھر گھر ڈینگی', 'سپرے']
2019-10-09 14:57:16	UrduPoint	ڈینگی کے خدشہ کے پیش نظر 3دکانداروں کے خلاف مقدمات درج	ur	1	DengueFever	ڈینگی خدشہ پیش نظر دکانداروں مقدمات درج	2	['ڈینگی', 'خدشہ', 'پیش نظر 3دکانداروں', 'خلاف مقدمات']
2019-10-09 15:14:25	UrduPoint	افسران کے شہر میں صفائی ستھرائی اور ڈینگی سیمینار اور ڈینگی انتظامات کو چیکنگ کرنے کے لئے دورے	ur	1	DengueFever	افسران شہر صفائی ستھرائی ڈینگی سیمینار ڈینگی انتظامات چیکنگ دورے	2	['افسران', 'شہر', 'صفائی', 'ڈینگی سیمینار', 'ڈینگی انتظامات', 'چیکنگ', 'لئے دورے']
2019-10-09 17:00:35	UrduPoint	رواں سال بلوچستان کے تین اضلاع میں اب تک 1950 ڈینگی وائرس کے کیسز رپورٹ ہوئے، ڈائریکٹر جنرل ہیلتھ بلوچستان ڈاکٹر شاکر بلوچ	ur	1	DengueFever	رواں سال بلوچستان تین اضلاع اب ڈینگی وائرس کیسز رپورٹ ڈائریکٹر جنرل ہیلتھ بلوچستان ڈاکٹر شاکر بلوچ	9	['رواں سال بلوچستان', 'اضلاع', 'ڈینگی وائرس', 'کیسز رپورٹ ہوئے، ڈائریکٹر جنرل ہیلتھ بلوچستان ڈاکٹر شاکر بلوچ']
2019-10-10 07:11:26	UrduPoint	خیبر پختونخوا میں ڈینگی کے 55 نئے کیسز رپورٹ‘ تعداد 4708 ہو گئی	ur	1	DengueFever	خیبر پختونخوا ڈینگی نئے کیسز رپورٹ تعداد	10	['خیبر پختونخوا', 'ڈینگی', 'نئے کیسز', 'رپورٹ‘ تعداد']
2019-10-10 08:24:36	UrduPoint	انسداد ڈینگی مہم میں ڈپٹی کمشنر سرگودھا کا محکموں پاپولیشن ویلفیئر‘زراعت‘ضلع کونسل کی کارکردگی پر عدم اطمینان کا اظہار	ur	1	DengueFever	انسداد ڈینگی مہم ڈپٹی کمشنر سرگودھا محکموں پاپولیشن ویلفیئر زراعت ضلع کونسل کار کردگی عدم اطمینان اظہار	11	['انسداد ڈینگی مہم', 'ڈپٹی کمشنر سرگودھا', 'محکموں پاپولیشن ویلفیئر‘زراعت‘ضلع کونسل', 'کارکردگی', 'عدم اطمینان', 'اظہار']
2019-10-10 08:52:11	UrduPoint	ملک بھر میں ڈینگی سے متاثر افراد کی تعداد چوبیس ہزار سے تجاوز کر گئی	ur	1	DengueFever	ملک ڈینگی متاثر افراد تعداد چوبیس ہزار تجاوز	10	['ملک', 'ڈینگی', 'متاثر افراد', 'تعداد', 'تجاوز']
2019-10-10 08:52:11	UrduPoint	"سیکرٹری صحت کی زیر صدارت ، ڈینگی کی تازہ ترین صورتحال پر بریفنگ دی گئی
�ار سے زائد مریض ہسپتالوں سے شفایاب ہو کر ڈسچارج ھو چکے ہیں،انسداد ڈینگی کیلئے تمام اقدامات کئے ... مزید"	ur	1	DengueFever	سیکرٹری صحت زیر صدارت ڈینگی تازہ ترین حال بریفنگ �ار زائد مریض ہسپتالوں شفایاب ڈسچارج ھو چکے انسداد ڈینگی کیلئے اقدامات	12	['سیکرٹری صحت', 'زیر صدارت', 'ڈینگی', 'تازہ ترین صورتحال', 'بریفنگ', '�ار', 'زائد مریض ہسپتالوں', 'ڈسچارج ھو چکے ہیں،انسداد ڈینگی کیلئے', 'اقدامات', '...']
2019-10-10 08:52:11	UrduPoint	فوزیہ نامی خاتون بے نظیر بھٹو اسپتال میں ڈینگی وائرس کے باعث جاں بحق	ur	1	DengueFever	فوزیہ نامی خاتون نظیر بھٹو اسپتال ڈینگی وائرس باعث جاں بحق	9	['فوزیہ نامی خاتون بے', 'نظیر بھٹو اسپتال', 'ڈینگی وائرس', 'باعث جاں بحق']
2019-10-10 09:52:09	UrduPoint	پاکستان وآزادکشمیر کو ڈینگی وائر سے پاک بنائیں گے ،ڈینگی وائر کو جڑ سے اُکھاڑ پھکیں گے‘حکومت آزاد کشمیر	ur	1	DengueFever	پاکستان وآزادکشمیر ڈینگی وائر پاک بنائیں ڈینگی وائر جڑ اکھاڑ پھکیں حکومت آزاد کشمیر	2	['پاکستان وآزادکشمیر', 'ڈینگی وائر', '،ڈینگی وائر', 'جڑ', 'اُکھاڑ پھکیں گے‘حکومت آزاد کشمیر']
2019-10-10 09:52:12	UrduPoint	"ڈینگی کا خاتمے کے لیے عملی اقداما ت نہیں اُٹھائے جارہے ہیں‘شیخ عقیل الرحمن
حکومت آزادکشمیر نے عوام کو خدا کے رحم وکرم پر چھوڑ دیا ہے کوئی عملی اقدامات نہیں اُٹھائے جارہے ... مزید"	ur	1	DengueFever	ڈینگی خاتمے عملی اقداما ت اٹھائے شیخ عقیل الرحمن حکومت آزادکشمیر عوام خدا رحم وکرم چھوڑ عملی اقدامات اٹھائے	2	['ڈینگی', 'خاتمے', 'عملی اقداما ت', 'ہیں‘شیخ عقیل الرحمن حکومت آزادکشمیر', 'عوام', 'خدا', 'رحم وکرم', 'عملی اقدامات', '...']
2019-10-10 12:29:12	UrduPoint	پمز میں ڈینگی کے 2000 مشتبہ مریضوں میں سے 200 مریضوں میں ڈینگی وائرس کی تصدیق	ur	1	DengueFever	پمز ڈینگی مشتبہ مریضوں مریضوں ڈینگی وائرس تصدیق	10	['پمز', 'ڈینگی', 'مشتبہ مریضوں', 'مریضوں', 'ڈینگی وائرس', 'تصدیق']
2019-10-10 12:45:23	UrduPoint	صوبائی وزیر ملک اسد کھوکھر ڈینگی کا شکارہوگئے	ur	1	DengueFever	صوبائی وزیر ملک اسد کھوکھر ڈینگی شکارہوگئے	2	['صوبائی وزیر ملک اسد کھوکھر ڈینگی', 'شکارہوگئے']
2019-10-10 12:49:26	UrduPoint	آر ڈبلیو ایم سی  کی جانب سے ڈینگی کیخلاف حفاظتی اقدامات پر مشتمل پمفلٹس تقسیم	ur	1	DengueFever	آر ڈبلیو ایم جانب ڈینگی کیخلاف حفاظتی اقدامات مشتمل پمفلٹس تقسیم	2	['آر ڈبلیو ایم', 'جانب', 'ڈینگی کیخلاف', 'حفاظتی اقدامات', 'مشتمل پمفلٹس تقسیم']
2019-10-10 13:31:15	UrduPoint	انسداد ڈینگی سرویلنس میں کوئی کوتاہی برداشت نہیں کی جائے گی، سیکرٹری آرٹی اے	ur	1	DengueFever	انسداد ڈینگی سرویلنس کوتاہی برداشت سیکرٹری آرٹی	12	['انسداد ڈینگی سرویلنس', 'کوتاہی برداشت', 'گی، سیکرٹری آرٹی اے']
2019-10-10 13:35:04	UrduPoint	ڈی سی لاہور اصغر جوئیہ کی این ڈی بوائز ہائی سکول اچھرہ میں ڈینگی سیمینار میں شرکت	ur	1	DengueFever	ڈی لاہور اصغر جوئیہ این ڈی بوائز ہائی سکول اچھرہ ڈینگی سیمینار شرکت	1	['ڈی', 'سی لاہور اصغر جوئیہ', 'این ڈی بوائز ہائی سکول اچھرہ', 'ڈینگی سیمینار', 'شرکت']
2019-10-10 13:35:04	UrduPoint	"افسران ڈینگی سروئلنس، صفائی ستھرائی اور پرائس چیکنگ پر عملدرآمد کو یقینی بنائیں‘ڈی سی لاہو ر

گراں فروشی پر کریک ڈاؤن کریںاورسخت قانونی کاروائیاں عمل میں لائیں‘اصغر ... مزید"	ur	1	DengueFever	افسران ڈینگی سروئلنس صفائی ستھرائی پرائس چیکنگ عملدرآمد یقینی بنائیں ڈی لاہو ر گراں فروشی کریک ڈاؤن اورسخت قانونی کاروائیاں عمل لائیں اصغر	1	['افسران ڈینگی', 'سروئلنس، صفائی', 'پرائس چیکنگ', 'عملدرآمد', 'یقینی بنائیں‘ڈی', 'سی لاہو ر گراں فروشی', 'کریک ڈاؤن کریںاورسخت', 'قانونی کاروائیاں عمل', 'لائیں‘اصغر ...']
2019-10-10 13:37:07	UrduPoint	اے سی رائیونڈ عدنان بدر کا ڈینگی اور صفائی ستھرائی کو چیک کرنے کیلئے یو سی 268 اور فضل پبلک ماڈل سکول پاجیاں کا دورہ	ur	1	DengueFever	رائیونڈ عدنان بدر ڈینگی صفائی ستھرائی چیک کیلئے یو فضل پبلک ماڈل سکول پاجیاں دورہ	2	['اے', 'سی رائیونڈ عدنان بدر', 'ڈینگی', 'صفائی', 'چیک', 'یو', 'سی 268', 'فضل پبلک ماڈل سکول پاجیاں', 'دورہ']
2019-10-10 13:49:13	UrduPoint	احتیاط سے ڈینگی سے بچا جا سکتا ہے	ur	1	DengueFever	احتیاط ڈینگی بچا	2	['احتیاط', 'ڈینگی']
2019-10-10 14:12:00	UrduPoint	سرویلنس ٹیمیں ڈینگی مچھر کی افزائش کے مقامات کا بھرپور طریقے سے تدارک کریں،ڈی سی خانیوال	ur	1	DengueFever	سرویلنس ٹیمیں ڈینگی مچھر افزائش مقامات بھرپور طریقے تدارک ڈی خانیوال	1	['سرویلنس ٹیمیں ڈینگی مچھر', 'افزائش', 'مقامات', 'بھرپور طریقے', 'تدارک کریں،ڈی', 'سی خانیوال']
2019-10-10 14:52:48	UrduPoint	انسداد ڈینگی مہم، کمرشل اداروں ‘دکانوں کی باقاعدگی سے چیکنگ کی جائے۔سیکرٹری سپیشل ایجوکیشن ڈاکٹر راشد منصور	ur	1	DengueFever	انسداد ڈینگی مہم کمرشل اداروں دکانوں باقاعدگی چیکنگ سیکرٹری سپیشل ایجوکیشن ڈاکٹر راشد منصور	12	['انسداد ڈینگی مہم،', 'کمرشل اداروں ‘دکانوں', 'باقاعدگی', 'چیکنگ', 'جائے۔سیکرٹری سپیشل ایجوکیشن ڈاکٹر راشد منصور']
2019-10-10 16:59:47	UrduPoint	"سوات:ضلعی انتظامیہ اور محکمہ صحت کی ناقص منصوبہ بندی
سوات میں ڈینگی کے وارجاری ،مزید13افراد ڈینگی سے متاثر،ہسپتال داخل،سرکاری تعدا426تک جبکہ غیر سرکاری اعداد وشمارہزاروں ... مزید"	ur	1	DengueFever	سوات ضلعی انتظامیہ محکمہ صحت ناقص منصوبہ بندی سوات ڈینگی وارجاری مزیدافراد ڈینگی متاثر ہسپتال داخل سرکاری تعداتک سرکاری اعداد و شمارہزاروں	9	['سوات:ضلعی انتظامیہ', 'محکمہ صحت', 'ناقص منصوبہ بندی سوات', 'ڈینگی', 'وارجاری ،مزید13افراد ڈینگی', 'متاثر،ہسپتال داخل،سرکاری تعدا426تک', 'غیر سرکاری اعداد وشمارہزاروں ...']
2019-10-10 18:09:47	UrduPoint	اوکاڑہ،ڈسٹرکٹ انٹا مالوجسٹکا مارکیٹوں، مختلف جگہوں پر ڈینگی سرویلینس معائنہ	ur	1	DengueFever	اوکاڑہ ڈسٹرکٹ انٹا مالوجسٹکا مارکیٹوں مختلف جگہوں ڈینگی سرویلینس معائنہ	2	['اوکاڑہ،ڈسٹرکٹ انٹا مالوجسٹکا مارکیٹوں،', 'مختلف جگہوں', 'ڈینگی سرویلینس معائنہ']
2019-10-10 18:10:50	UrduPoint	انسداد ڈینگی کی کارکردگی کا جائزہ لینے کے حوالہ سے اجلاس کا انعقاد	ur	1	DengueFever	انسداد ڈینگی کار کردگی جائزہ لینے حوالہ اجلاس انعقاد	12	['انسداد ڈینگی', 'کارکردگی', 'جائزہ', 'حوالہ', 'اجلاس', 'انعقاد']
